{"statistics": {"successpercentage": [7.5, 12.5, 17.5, 16.0, 19.5, 14.499999999999998, 32.0, 21.0, 16.5, 17.5], "meanarrivaltime": [5.959186149206726, 5.418337234220288, 3.328175978097752, 4.900536855430503, 3.4135805627200715, 3.672092737363854, 4.888656533760525, 4.9013926478844745, 5.15078456997721, 5.694949478549414], "minarrivaltime": [7.759999999999879, 7.099999999999893, 6.839999999999899, 7.559999999999883, 6.29999999999991, 6.839999999999899, 6.6099999999999035, 6.429999999999907, 6.559999999999905, 6.829999999999899]}}