{"statistics": {"successpercentage": [7.5, 7.5, 17.0, 19.5, 26.0, 17.0, 29.5, 25.0, 22.0, 34.5], "meanarrivaltime": [9.332778602764062, 4.4606853612495, 6.033961427110851, 8.33334645367271, 3.800081151971629, 5.460905970236419, 5.803126605478486, 5.729072088432199, 7.542076301311173, 2.9221767020605256], "minarrivaltime": [11.289999999999804, 6.069999999999915, 5.609999999999925, 5.519999999999927, 5.079999999999936, 5.159999999999934, 5.1099999999999355, 5.219999999999933, 5.159999999999934, 4.939999999999939]}}