{"statistics": {"successpercentage": [8.0, 15.0, 14.000000000000002, 19.5, 20.0, 27.0, 24.0, 13.5, 17.5, 33.5], "meanarrivaltime": [6.7937943141423665, 5.314917235808438, 8.803544778181713, 8.530682669090046, 4.062424526188461, 9.145879534558084, 4.812450071451786, 8.505154824031749, 4.954832298152738, 5.259521643049775], "minarrivaltime": [5.809999999999921, 5.879999999999919, 5.36999999999993, 5.319999999999931, 5.37999999999993, 4.949999999999939, 5.639999999999924, 5.519999999999927, 4.839999999999941, 4.87999999999994]}}