{"statistics": {"successpercentage": [10.0, 12.5, 17.0, 15.5, 26.0, 27.500000000000004, 37.5, 23.5, 38.0, 33.0], "meanarrivaltime": [10.81494807354141, 4.530126797959412, 5.295068968309351, 7.773061155294854, 3.7286901785803903, 3.653172033800898, 3.441547828095748, 5.666517005532566, 3.879655510239294, 3.840118458270969], "minarrivaltime": [11.609999999999797, 6.989999999999895, 5.789999999999921, 5.709999999999923, 6.119999999999914, 5.37999999999993, 5.269999999999932, 5.559999999999926, 5.519999999999927, 5.009999999999938]}}