{"statistics": {"successpercentage": [2.0, 2.0, 0.0, 4.0, 3.0, 5.0, 6.5, 7.5, 12.0, 19.5], "meanarrivaltime": [4.077207521177403, 3.3843992563238077, 0, 3.257459374562093, 3.565528609241016, 3.9539883940160117, 3.5295644493674923, 3.5838610778579807, 3.4032317044785683, 3.02452530979125], "minarrivaltime": [14.78999999999973, 17.489999999999934, 0, 11.409999999999801, 16.849999999999834, 12.829999999999771, 15.18999999999972, 13.259999999999762, 12.749999999999773, 13.719999999999752]}}