{"statistics": {"successpercentage": [7.5, 4.5, 18.0, 11.5, 18.0, 18.5, 30.5, 27.0, 18.0, 16.0], "meanarrivaltime": [5.666527051318407, 11.071002201426362, 5.68722532095556, 8.325665985604383, 3.545600469902104, 4.059029405450698, 3.950521022274543, 3.3487150194859536, 7.476884664522503, 4.826255658981771], "minarrivaltime": [5.299999999999931, 6.709999999999901, 5.679999999999923, 5.969999999999917, 5.929999999999918, 5.3899999999999295, 5.259999999999932, 5.429999999999929, 5.009999999999938, 5.189999999999934]}}