{"statistics": {"successpercentage": [2.5, 6.5, 14.499999999999998, 5.5, 25.0, 22.5, 23.5, 28.000000000000004, 28.499999999999996, 27.0], "meanarrivaltime": [12.42778185725073, 12.243318872550988, 9.269217870147862, 10.606155502872973, 4.659647422368395, 3.9906401812764347, 7.020756437623105, 3.5918706202164032, 3.8743776409606676, 4.175088053939228], "minarrivaltime": [13.079999999999766, 12.109999999999786, 5.519999999999927, 6.529999999999905, 5.079999999999936, 5.159999999999934, 5.779999999999921, 5.229999999999933, 5.399999999999929, 5.83999999999992]}}