{"statistics": {"successpercentage": [10.5, 12.0, 12.5, 19.0, 25.5, 25.5, 35.0, 21.5, 23.5, 29.5], "meanarrivaltime": [4.899009044699177, 7.99720410712179, 7.085821217669445, 3.7699359403600665, 3.577353632671638, 4.198213842739765, 3.7283657342900014, 5.967163846993353, 5.668246538018134, 6.40128130563734], "minarrivaltime": [12.90999999999977, 6.31999999999991, 7.22999999999989, 5.9999999999999165, 5.539999999999926, 5.81999999999992, 5.659999999999924, 6.069999999999915, 5.7199999999999225, 5.749999999999922]}}