{"statistics": {"successpercentage": [11.5, 17.0, 20.0, 21.5, 19.5, 24.5, 21.5, 36.0, 23.5, 30.0], "meanarrivaltime": [9.620052233903266, 5.103808343628949, 4.193604211665912, 9.354700054140181, 3.971686920474577, 6.64282301384738, 4.72343731629786, 3.7286133568391344, 6.519583541485839, 3.309624564397129], "minarrivaltime": [8.019999999999873, 6.1399999999999135, 5.879999999999919, 5.729999999999922, 5.269999999999932, 5.289999999999932, 5.319999999999931, 5.3899999999999295, 5.009999999999938, 5.339999999999931]}}