{"statistics": {"successpercentage": [2.5, 6.5, 10.0, 17.5, 8.5, 12.5, 19.5, 13.5, 15.0, 21.5], "meanarrivaltime": [10.19250119301638, 10.00143923930758, 11.029894281713872, 5.032344188825957, 8.40559507033207, 4.77678863153774, 4.17206373266106, 8.932808292753679, 5.726018573902568, 5.409776966601427], "minarrivaltime": [10.209999999999827, 11.719999999999795, 6.029999999999916, 7.189999999999891, 5.35999999999993, 6.199999999999912, 5.699999999999923, 6.419999999999908, 5.339999999999931, 5.36999999999993]}}