{"statistics": {"successpercentage": [4.0, 7.000000000000001, 7.000000000000001, 5.5, 14.499999999999998, 17.5, 18.0, 14.000000000000002, 22.0, 20.5], "meanarrivaltime": [5.974970923033726, 4.4765356612463325, 5.54073672732744, 4.359881624855114, 5.700917841790661, 4.036855930423741, 4.710627592238616, 4.813030425278465, 4.3948521395765265, 5.436644860187965], "minarrivaltime": [6.239999999999911, 6.159999999999913, 7.339999999999888, 6.439999999999907, 6.379999999999908, 5.899999999999919, 7.139999999999892, 5.3899999999999295, 5.929999999999918, 5.989999999999917]}}