{"statistics": {"successpercentage": [1.5, 0.0, 2.0, 3.0, 5.0, 3.0, 5.0, 9.5, 7.000000000000001, 5.5], "meanarrivaltime": [7.636213511141672, 0, 13.432210538230093, 10.42315077556495, 7.871838646418364, 5.773219535673462, 5.321068091162228, 4.33534097527112, 8.05885902169347, 7.521073158914238], "minarrivaltime": [17.609999999999953, 0, 14.949999999999726, 14.72999999999973, 11.609999999999797, 9.749999999999837, 12.599999999999776, 6.239999999999911, 12.719999999999773, 13.209999999999763]}}