{"statistics": {"successpercentage": [3.5000000000000004, 12.5, 7.000000000000001, 18.5, 13.5, 18.0, 24.0, 29.5, 28.000000000000004, 36.0], "meanarrivaltime": [12.229255171130694, 6.829112196966208, 4.667314068210758, 3.43000158089652, 8.254701153048451, 5.286987253237958, 5.251209045481751, 3.3731198747441398, 3.359389383432855, 4.064527701970555], "minarrivaltime": [11.309999999999803, 10.819999999999814, 5.629999999999924, 5.479999999999928, 9.949999999999832, 5.309999999999931, 4.88999999999994, 5.029999999999937, 4.929999999999939, 5.219999999999933]}}