{"statistics": {"successpercentage": [5.0, 7.5, 9.0, 14.499999999999998, 14.499999999999998, 20.5, 18.0, 25.0, 25.5, 26.0], "meanarrivaltime": [4.801998154389181, 5.090665671899496, 5.791935766001414, 3.726173016767654, 3.9236737350979767, 4.7239030902050985, 4.012952702582186, 3.605232932341841, 3.4703321812967958, 4.229339423440544], "minarrivaltime": [13.669999999999753, 8.359999999999866, 13.919999999999748, 9.219999999999848, 8.489999999999863, 8.019999999999873, 8.519999999999863, 8.319999999999867, 7.859999999999877, 7.899999999999876]}}