{"statistics": {"successpercentage": [11.5, 15.5, 18.5, 30.0, 29.5, 28.000000000000004, 27.0, 29.5, 28.499999999999996, 37.5], "meanarrivaltime": [5.147260208711427, 5.449239514764314, 5.420220234158238, 4.490108337707113, 4.40680628337612, 2.915665636803034, 7.043225930010112, 3.171265502119193, 4.299901147658023, 4.7376372426125055], "minarrivaltime": [6.009999999999916, 5.699999999999923, 6.239999999999911, 5.639999999999924, 5.319999999999931, 5.679999999999923, 5.449999999999928, 5.449999999999928, 5.119999999999935, 5.799999999999921]}}