{"statistics": {"successpercentage": [6.0, 16.5, 10.5, 13.5, 25.5, 24.0, 29.5, 27.500000000000004, 22.0, 29.5], "meanarrivaltime": [5.910708398444793, 3.9559959406395158, 4.802511080373143, 5.518393478455888, 4.017637138129296, 5.967683444712275, 3.2424595292946883, 5.521705422118441, 7.196069403055805, 3.338461049016993], "minarrivaltime": [7.159999999999892, 5.189999999999934, 5.569999999999926, 6.249999999999911, 5.289999999999932, 6.519999999999905, 5.289999999999932, 5.069999999999936, 7.069999999999894, 5.149999999999935]}}