{"statistics": {"successpercentage": [9.0, 3.0, 14.000000000000002, 10.0, 8.5, 15.0, 12.0, 21.5, 21.5, 20.5], "meanarrivaltime": [3.7404276496099036, 6.167966180643703, 5.389241421822069, 4.64429424311272, 4.008483582848163, 4.620087565775813, 4.382309402031709, 4.37529161994399, 3.622216910596669, 5.8380684913947185], "minarrivaltime": [12.129999999999786, 7.799999999999878, 5.899999999999919, 6.8899999999998975, 11.89999999999979, 6.649999999999903, 6.7599999999999, 5.83999999999992, 6.019999999999916, 5.919999999999918]}}