{"statistics": {"successpercentage": [5.0, 3.0, 6.5, 10.0, 16.0, 13.0, 23.5, 18.5, 24.5, 21.0], "meanarrivaltime": [5.06881153107067, 12.494261266553588, 9.63753569232473, 8.211375168510866, 9.043771851568648, 3.8076223087969407, 4.200136783824783, 4.800823251578827, 4.15413296071475, 9.815775269389619], "minarrivaltime": [11.00999999999981, 12.43999999999978, 8.549999999999862, 5.969999999999917, 6.389999999999908, 5.609999999999925, 5.499999999999927, 5.35999999999993, 5.209999999999933, 10.349999999999824]}}