{"statistics": {"successpercentage": [1.0, 2.0, 3.0, 1.0, 6.0, 2.0, 7.5, 10.5, 9.0, 9.0], "meanarrivaltime": [7.130683247693964, 3.6715741481334154, 4.928042826027132, 5.558132233937918, 6.1678752899364016, 5.231779406360394, 7.780237583948728, 5.128157649418144, 4.6595850354732535, 5.895702660837918], "minarrivaltime": [18.470000000000088, 14.469999999999736, 7.539999999999884, 14.799999999999729, 12.079999999999787, 13.499999999999757, 11.509999999999799, 6.629999999999903, 7.089999999999893, 12.759999999999772]}}