{"statistics": {"successpercentage": [8.0, 9.5, 7.000000000000001, 11.5, 18.0, 19.0, 28.499999999999996, 25.5, 33.0, 20.5], "meanarrivaltime": [5.758700911449722, 6.922807226381259, 7.263973510216103, 3.8213286562476565, 5.116962555210804, 6.720172676203322, 3.9500807352293217, 5.299696338303274, 3.9199232103180774, 4.481727235350375], "minarrivaltime": [8.359999999999866, 8.499999999999863, 11.869999999999791, 8.18999999999987, 6.809999999999899, 7.149999999999892, 6.739999999999901, 6.4699999999999065, 6.389999999999908, 6.509999999999906]}}