{"statistics": {"successpercentage": [4.5, 3.0, 8.5, 14.499999999999998, 17.0, 13.5, 18.5, 9.5, 22.0, 25.5], "meanarrivaltime": [5.919351157975893, 7.481363774949936, 6.681273946729605, 5.372482847669846, 4.624382540637866, 7.446046173038475, 3.46086530139353, 9.479155296533747, 5.113119095599686, 3.6773973861507296], "minarrivaltime": [7.70999999999988, 10.599999999999818, 6.349999999999909, 6.369999999999909, 5.079999999999936, 11.119999999999807, 5.039999999999937, 10.129999999999828, 5.409999999999929, 5.239999999999933]}}