{"statistics": {"successpercentage": [7.5, 9.0, 17.5, 15.0, 21.5, 10.5, 27.500000000000004, 25.0, 32.5, 32.0], "meanarrivaltime": [11.834349377485694, 5.748143815402061, 5.095151333095209, 8.005868760091378, 4.641124519540285, 6.649643640654589, 3.7873870820415267, 4.1539245087100936, 4.006563637822151, 3.413238398813684], "minarrivaltime": [11.839999999999792, 5.889999999999919, 6.849999999999898, 8.049999999999873, 5.869999999999919, 5.259999999999932, 5.229999999999933, 5.559999999999926, 5.279999999999932, 5.3899999999999295]}}