{"statistics": {"successpercentage": [1.0, 16.0, 24.0, 24.5, 34.0, 20.5, 28.999999999999996, 27.500000000000004, 16.5, 26.0], "meanarrivaltime": [3.797790214165239, 3.267283721161526, 3.623456468483354, 3.566286260458753, 3.1193266851736015, 3.4840175762864924, 2.925309631920276, 2.933460670318342, 3.445192429155609, 2.7172156623175394], "minarrivaltime": [19.620000000000267, 11.839999999999792, 11.269999999999804, 11.4799999999998, 10.48999999999982, 9.979999999999832, 9.959999999999832, 10.55999999999982, 13.429999999999758, 10.419999999999822]}}