{"statistics": {"successpercentage": [0.0, 0.0, 0.0, 0.0, 0.0, 0.0, 1.0, 0.5, 1.0, 1.5], "meanarrivaltime": [0, 0, 0, 0, 0, 0, 4.413496447780637, 5.0017877103842245, 3.4901279493871575, 5.438186079686099], "minarrivaltime": [0, 0, 0, 0, 0, 0, 15.759999999999708, 15.389999999999716, 16.089999999999716, 19.07000000000018]}}