{"statistics": {"successpercentage": [12.0, 12.5, 20.0, 24.5, 19.0, 24.5, 28.999999999999996, 32.0, 28.000000000000004, 19.0], "meanarrivaltime": [6.1211550995791315, 5.056145565679, 3.704952104992265, 4.279099436433152, 3.651656093984181, 4.3262619651654015, 4.71790762159474, 3.560477668956232, 3.516615072803411, 4.183973214150001], "minarrivaltime": [12.739999999999773, 10.98999999999981, 8.959999999999853, 8.17999999999987, 8.029999999999873, 8.229999999999869, 11.279999999999804, 7.139999999999892, 7.479999999999885, 7.71999999999988]}}