{"statistics": {"successpercentage": [14.499999999999998, 16.0, 21.0, 23.5, 27.500000000000004, 29.5, 27.500000000000004, 32.5, 50.0, 30.5], "meanarrivaltime": [5.498177826937042, 5.90845805532995, 5.121932559990212, 3.984441253762635, 3.773134234804966, 3.839388701113363, 3.6499570235242476, 3.546233020960406, 2.8697006833778973, 3.6458181476958957], "minarrivaltime": [6.3299999999999095, 7.5499999999998835, 7.5499999999998835, 6.7499999999999005, 6.589999999999904, 6.519999999999905, 6.259999999999911, 6.529999999999905, 6.249999999999911, 6.589999999999904]}}