{"statistics": {"successpercentage": [8.5, 17.0, 13.0, 26.5, 25.5, 20.0, 36.0, 28.000000000000004, 33.0, 32.5], "meanarrivaltime": [4.31090664097995, 5.14512427157952, 4.97489423648014, 4.037171371026598, 5.713414275241398, 4.319654115629744, 3.1583009374648086, 4.95430596978538, 5.206264198502389, 4.123946067958777], "minarrivaltime": [8.229999999999869, 7.199999999999891, 6.409999999999908, 6.7899999999999, 7.569999999999883, 6.29999999999991, 6.259999999999911, 6.149999999999913, 6.089999999999915, 6.4699999999999065]}}