{"statistics": {"successpercentage": [3.5000000000000004, 5.0, 6.0, 11.5, 17.5, 18.0, 15.5, 28.000000000000004, 28.999999999999996, 27.0], "meanarrivaltime": [4.598516413112582, 5.088008223850133, 8.627345159596343, 4.447802978805248, 8.060052122748802, 5.488366654391387, 7.753197036889155, 4.203811454344991, 4.3117871881104035, 6.454222149159375], "minarrivaltime": [14.359999999999738, 6.809999999999899, 8.249999999999869, 6.849999999999898, 7.289999999999889, 6.599999999999904, 8.17999999999987, 6.1399999999999135, 6.899999999999897, 8.959999999999853]}}