{"statistics": {"successpercentage": [7.5, 6.0, 10.0, 17.0, 20.0, 12.0, 24.0, 8.5, 11.0, 17.5], "meanarrivaltime": [6.168000098323857, 9.785884624542872, 4.697472489085078, 7.939830156985691, 5.841107538432417, 6.47397100580601, 4.218730028677252, 7.824478685961253, 7.6291103934848135, 4.941132307821421], "minarrivaltime": [7.0299999999998946, 8.829999999999856, 6.089999999999915, 6.719999999999901, 6.449999999999907, 7.419999999999886, 5.649999999999924, 11.329999999999803, 6.499999999999906, 6.489999999999906]}}