{"statistics": {"successpercentage": [5.0, 10.5, 25.5, 14.499999999999998, 30.5, 26.0, 26.5, 42.0, 38.0, 34.0], "meanarrivaltime": [4.264246256512053, 3.935551748720503, 3.537478329838915, 3.83912252825902, 2.924885516058161, 3.199781119299785, 3.230712386799323, 2.9155606756704935, 2.7650503752782942, 2.7283177482273335], "minarrivaltime": [17.2799999999999, 13.099999999999765, 11.999999999999789, 12.459999999999779, 10.279999999999825, 11.209999999999805, 10.249999999999826, 9.519999999999841, 8.699999999999859, 9.519999999999841]}}