{"statistics": {"successpercentage": [8.0, 16.0, 13.5, 12.0, 26.0, 18.5, 33.5, 18.5, 24.0, 28.499999999999996], "meanarrivaltime": [9.650960826695915, 4.941269441438515, 7.207060627030061, 7.273170601430216, 5.694708399790962, 7.174727670296314, 4.520298980414116, 3.677272389443887, 6.515393525908323, 3.811987614781726], "minarrivaltime": [11.709999999999795, 6.219999999999912, 6.879999999999898, 8.429999999999865, 6.239999999999911, 6.079999999999915, 5.639999999999924, 5.889999999999919, 5.769999999999921, 5.569999999999926]}}