{"statistics": {"successpercentage": [8.0, 11.5, 10.5, 11.0, 28.999999999999996, 12.5, 22.0, 15.5, 33.5, 31.0], "meanarrivaltime": [3.4205388079095647, 3.765069939251529, 4.300564328228899, 4.956054760260049, 3.3577227124946143, 5.269094602122249, 4.766291045205867, 4.940027556005073, 3.3016885866344317, 3.452474412586848], "minarrivaltime": [7.69999999999988, 9.729999999999837, 15.19999999999972, 11.649999999999796, 8.779999999999857, 13.109999999999765, 8.739999999999858, 9.859999999999834, 7.609999999999882, 7.71999999999988]}}