{"statistics": {"successpercentage": [12.0, 13.0, 13.0, 23.5, 24.5, 32.5, 41.0, 33.0, 31.5, 34.5], "meanarrivaltime": [4.974168121319184, 4.82122657464601, 5.353415922129388, 5.5772471253949725, 3.7595938212786475, 3.6125045183169147, 3.581939948311804, 3.878829163961516, 2.8860759109138567, 2.964496427266641], "minarrivaltime": [9.249999999999847, 9.819999999999835, 10.49999999999982, 8.64999999999986, 7.979999999999874, 7.459999999999885, 6.649999999999903, 7.309999999999889, 7.659999999999881, 7.279999999999889]}}