{"statistics": {"successpercentage": [3.0, 4.5, 11.5, 11.0, 14.000000000000002, 14.499999999999998, 22.5, 17.5, 15.0, 18.0], "meanarrivaltime": [5.59420543991407, 5.66848235237294, 5.008242835145537, 4.321137567083112, 6.546660385014946, 8.520641271774146, 4.250658232644559, 5.1032954713458025, 5.650808792200446, 6.315990818375975], "minarrivaltime": [7.4099999999998865, 12.719999999999773, 6.7599999999999, 6.649999999999903, 10.139999999999828, 10.929999999999811, 6.349999999999909, 8.67999999999986, 11.719999999999795, 10.689999999999817]}}