{"statistics": {"successpercentage": [5.5, 15.5, 25.5, 21.0, 21.5, 26.0, 29.5, 28.000000000000004, 32.5, 32.0], "meanarrivaltime": [5.363061884643021, 5.135018561599698, 4.680584478693622, 4.46570206976973, 4.44396954737036, 4.400201511292544, 4.364478636785101, 4.206184048208714, 3.8860950991470533, 3.9318000661900245], "minarrivaltime": [10.869999999999813, 10.609999999999818, 8.769999999999857, 8.399999999999865, 8.959999999999853, 6.839999999999899, 8.269999999999868, 7.869999999999877, 7.4099999999998865, 7.71999999999988]}}