{"statistics": {"successpercentage": [0.0, 0.0, 0.0, 0.0, 0.0, 0.0, 0.0, 0.0, 0.0, 2.0], "meanarrivaltime": [0, 0, 0, 0, 0, 0, 0, 0, 0, 1.7011525880088547], "minarrivaltime": [0, 0, 0, 0, 0, 0, 0, 0, 0, 19.290000000000216]}}