{"statistics": {"successpercentage": [1.5, 12.5, 25.5, 21.0, 36.5, 31.5, 21.5, 22.5, 29.5, 27.500000000000004], "meanarrivaltime": [4.228218718353041, 3.7885426652959193, 3.750290244268716, 3.6627200925391796, 3.5562293539218373, 3.0549084193909493, 3.168391056032161, 2.913740930369805, 2.969229710388201, 2.8842496165299942], "minarrivaltime": [16.349999999999756, 14.139999999999743, 12.099999999999786, 10.739999999999815, 11.859999999999792, 11.159999999999807, 9.699999999999838, 9.819999999999835, 10.139999999999828, 9.369999999999845]}}