{"statistics": {"successpercentage": [1.0, 8.5, 8.0, 17.0, 23.5, 30.5, 19.0, 22.0, 16.5, 26.5], "meanarrivaltime": [11.181427195101177, 5.918046592108882, 5.044313763085964, 3.5736836681001205, 7.848964698137147, 3.9198670919837393, 5.579921787976244, 2.9822867519119853, 6.011856324726053, 6.759838578893574], "minarrivaltime": [13.429999999999758, 6.399999999999908, 6.169999999999913, 6.259999999999911, 6.669999999999902, 6.069999999999915, 5.889999999999919, 5.7199999999999225, 6.159999999999913, 6.099999999999914]}}