{"statistics": {"successpercentage": [0.0, 0.0, 0.0, 0.0, 0.0, 0.0, 0.5, 0.0, 0.0, 4.0], "meanarrivaltime": [0, 0, 0, 0, 0, 0, 1.7290475081969996, 0, 0, 1.6451369726171368], "minarrivaltime": [0, 0, 0, 0, 0, 0, 19.810000000000297, 0, 0, 18.09000000000003]}}