{"statistics": {"successpercentage": [5.0, 14.000000000000002, 8.0, 22.5, 24.5, 32.5, 8.0, 15.0, 24.0, 33.0], "meanarrivaltime": [9.623962348376446, 7.822266365447517, 6.847766246410894, 6.234318895884727, 4.845428025248535, 3.6675974470506243, 6.716736280017773, 6.298041932337363, 4.905949817507724, 5.639430054410796], "minarrivaltime": [7.849999999999877, 6.519999999999905, 5.789999999999921, 5.799999999999921, 5.319999999999931, 5.219999999999933, 5.459999999999928, 5.409999999999929, 5.709999999999923, 5.079999999999936]}}