{"statistics": {"successpercentage": [7.5, 8.0, 12.5, 7.000000000000001, 24.5, 21.5, 27.0, 26.5, 24.5, 32.5], "meanarrivaltime": [6.354066188316987, 9.109312497282849, 4.2619535896466285, 6.3380459436949765, 4.729777068901356, 3.6777012926811388, 3.798956987627869, 6.669060563817868, 3.082795402900858, 3.5051820157640163], "minarrivaltime": [7.209999999999891, 6.359999999999909, 6.209999999999912, 7.979999999999874, 5.759999999999922, 5.4399999999999284, 5.729999999999922, 8.429999999999865, 5.4399999999999284, 5.189999999999934]}}