{"statistics": {"successpercentage": [7.000000000000001, 21.0, 20.0, 25.0, 24.5, 21.0, 25.5, 28.499999999999996, 26.0, 32.5], "meanarrivaltime": [5.492274809369316, 3.5892819737525383, 5.496009551579436, 5.453075006975072, 4.770064794112501, 4.4029835022600805, 3.7491088684092277, 3.847586140274636, 4.089372814103225, 3.1612322169393203], "minarrivaltime": [9.62999999999984, 9.709999999999837, 12.069999999999787, 9.09999999999985, 10.96999999999981, 7.859999999999877, 8.15999999999987, 7.149999999999892, 7.479999999999885, 7.119999999999893]}}