{"statistics": {"successpercentage": [9.0, 6.0, 18.5, 12.5, 28.000000000000004, 22.0, 28.499999999999996, 25.5, 30.0, 34.5], "meanarrivaltime": [6.530401693045215, 10.407719786368302, 4.65062250322719, 10.52457276763008, 3.94155700049732, 3.4592891184958448, 4.0442604829898405, 5.655668819947262, 3.3132369055914404, 3.2339057889388054], "minarrivaltime": [5.799999999999921, 6.7699999999999, 5.759999999999922, 6.429999999999907, 5.289999999999932, 5.299999999999931, 5.2499999999999325, 4.719999999999944, 4.849999999999941, 4.769999999999943]}}