{"statistics": {"successpercentage": [13.5, 13.5, 4.5, 17.5, 24.5, 24.0, 26.5, 34.5, 25.5, 26.5], "meanarrivaltime": [6.448069567511812, 4.5243002554811484, 5.32217564317308, 4.811103412927092, 4.569921953883159, 6.664144649608613, 3.671217853713824, 5.239569054768768, 5.164808850673152, 5.527433196140112], "minarrivaltime": [6.569999999999904, 6.879999999999898, 6.709999999999901, 6.039999999999916, 6.199999999999912, 6.28999999999991, 5.5799999999999255, 5.709999999999923, 5.599999999999925, 5.7199999999999225]}}