{"statistics": {"successpercentage": [0.0, 0.0, 0.0, 0.0, 0.0, 0.0, 0.0, 0.0, 0.5, 2.0], "meanarrivaltime": [0, 0, 0, 0, 0, 0, 0, 0, 1.683709821921533, 1.691881157119595], "minarrivaltime": [0, 0, 0, 0, 0, 0, 0, 0, 19.71000000000028, 19.040000000000177]}}