{"statistics": {"successpercentage": [8.0, 18.0, 19.5, 21.0, 21.0, 22.0, 34.0, 31.0, 31.5, 16.0], "meanarrivaltime": [4.7721185666661725, 5.853911805047229, 7.120995426464241, 7.95355783187822, 5.8253874509274555, 6.992512453070313, 3.573742622720324, 3.641865801363046, 3.3162930403886595, 5.2454845330235695], "minarrivaltime": [6.159999999999913, 6.219999999999912, 5.34999999999993, 6.099999999999914, 5.469999999999928, 5.469999999999928, 5.339999999999931, 5.3899999999999295, 5.069999999999936, 6.259999999999911]}}