{"statistics": {"successpercentage": [4.5, 7.5, 11.0, 16.5, 15.5, 20.0, 26.0, 16.5, 25.5, 20.5], "meanarrivaltime": [11.246284385937942, 6.058394883695144, 5.107641458410271, 5.875098894551882, 7.752873854440924, 7.37158062783535, 5.947414653104156, 7.8678717771088, 4.098638540938607, 9.396954690343566], "minarrivaltime": [10.52999999999982, 6.849999999999898, 5.9999999999999165, 5.179999999999934, 5.219999999999933, 5.34999999999993, 5.229999999999933, 5.37999999999993, 5.0599999999999365, 6.599999999999904]}}