{"statistics": {"successpercentage": [1.5, 3.5000000000000004, 4.0, 6.0, 9.0, 8.0, 11.0, 12.0, 6.5, 15.5], "meanarrivaltime": [7.1307035030325245, 4.122439142472669, 5.198091741946334, 7.717327902977929, 3.627598871827777, 5.7098995073951535, 6.804834405593306, 6.3145670433296885, 6.310002629653353, 3.662434039128742], "minarrivaltime": [14.899999999999727, 8.459999999999864, 12.039999999999788, 13.459999999999757, 8.369999999999866, 6.879999999999898, 11.039999999999809, 7.839999999999877, 13.509999999999756, 7.799999999999878]}}