{"statistics": {"successpercentage": [6.0, 4.0, 5.5, 4.0, 11.5, 5.5, 9.0, 10.0, 11.5, 20.0], "meanarrivaltime": [4.036035219249738, 7.922890836475488, 6.003870542647641, 6.493774642401705, 4.997727612010007, 6.677496976494067, 7.284668056282316, 5.469640109242083, 6.159413544460272, 3.9561138956643744], "minarrivaltime": [10.899999999999812, 12.659999999999775, 7.6899999999998805, 7.779999999999879, 6.739999999999901, 13.219999999999763, 12.819999999999771, 11.849999999999792, 7.619999999999882, 6.179999999999913]}}