{"statistics": {"successpercentage": [3.5000000000000004, 9.5, 7.5, 16.5, 11.0, 15.5, 12.5, 15.5, 22.5, 24.5], "meanarrivaltime": [5.5986470023573505, 5.942084570272857, 3.8592880110602867, 4.24039045922844, 5.857075660148371, 3.557626844168457, 3.8073457042872927, 3.9357302661839384, 4.883626052801914, 3.169286337306954], "minarrivaltime": [15.519999999999714, 15.339999999999717, 9.199999999999848, 9.469999999999843, 14.599999999999733, 8.789999999999857, 12.40999999999978, 9.399999999999844, 10.809999999999814, 8.839999999999856]}}