{"statistics": {"successpercentage": [7.5, 7.5, 13.5, 19.0, 18.0, 23.5, 25.0, 16.5, 28.000000000000004, 40.0], "meanarrivaltime": [6.575731800283689, 4.857513747288474, 5.11351830097999, 4.442303542175502, 4.940923435579958, 4.009325326873515, 4.002834932133505, 4.16283092836674, 3.469969257062202, 3.0993285713491234], "minarrivaltime": [13.299999999999761, 10.389999999999823, 11.239999999999805, 8.989999999999853, 8.999999999999853, 7.889999999999876, 8.229999999999869, 8.469999999999864, 8.079999999999872, 7.269999999999889]}}