{"statistics": {"successpercentage": [2.0, 5.5, 6.5, 14.000000000000002, 9.5, 10.5, 18.0, 23.0, 14.499999999999998, 28.999999999999996], "meanarrivaltime": [7.938890676750152, 4.526278785088277, 8.198244555165079, 5.433638261411699, 9.394017465360903, 8.886929283088207, 4.856714217756481, 4.435701058156853, 5.803006741519093, 3.6322405633222195], "minarrivaltime": [13.759999999999751, 5.569999999999926, 12.239999999999783, 5.909999999999918, 9.54999999999984, 10.829999999999814, 6.459999999999907, 5.629999999999924, 6.059999999999915, 5.84999999999992]}}