{"statistics": {"successpercentage": [14.000000000000002, 18.0, 12.0, 18.5, 25.0, 25.5, 30.0, 36.5, 32.0, 33.0], "meanarrivaltime": [5.677383454102498, 4.4075177421654494, 6.291463320266533, 5.732976349309793, 5.3047476292035425, 3.7128693231878347, 4.321053105711051, 3.793337546189836, 3.202999205151129, 2.9877581016129904], "minarrivaltime": [7.279999999999889, 7.529999999999884, 8.079999999999872, 9.15999999999985, 6.699999999999902, 6.7499999999999005, 6.639999999999903, 6.6099999999999035, 6.369999999999909, 5.82999999999992]}}