{"statistics": {"successpercentage": [6.5, 10.0, 11.0, 15.5, 19.0, 26.5, 21.0, 22.0, 22.0, 28.000000000000004], "meanarrivaltime": [3.961375205851034, 3.8427114161468494, 3.72866512634606, 3.992803554909482, 3.757741580893819, 3.7075584978072595, 2.8936591020665383, 3.4522387922899664, 3.3292768500681573, 2.7368333780725336], "minarrivaltime": [15.829999999999707, 13.649999999999753, 11.179999999999806, 11.889999999999791, 10.709999999999816, 11.189999999999806, 10.08999999999983, 10.719999999999816, 9.529999999999841, 9.709999999999837]}}