{"statistics": {"successpercentage": [16.0, 17.5, 19.0, 24.0, 37.5, 31.5, 37.5, 41.5, 36.5, 38.5], "meanarrivaltime": [5.176253196636616, 4.81850733820827, 5.026555873691244, 4.464132776241046, 3.828448564360712, 4.877132597254006, 3.4033514294656846, 3.245703892617237, 3.0533784468083884, 3.2425834804276508], "minarrivaltime": [9.779999999999836, 8.889999999999855, 9.379999999999844, 8.479999999999864, 7.749999999999879, 8.409999999999865, 7.009999999999895, 7.069999999999894, 7.119999999999893, 7.199999999999891]}}