{"statistics": {"successpercentage": [2.5, 19.0, 15.0, 25.5, 22.0, 20.0, 26.5, 23.0, 35.5, 31.5], "meanarrivaltime": [8.427378032882512, 6.21769094079338, 5.1649920506100235, 6.20596230832928, 4.505697041332236, 5.43043694904932, 3.6015574841391254, 4.566221677526389, 3.4861298052190626, 5.451340458900701], "minarrivaltime": [11.659999999999796, 5.949999999999918, 7.419999999999886, 6.369999999999909, 6.199999999999912, 5.35999999999993, 5.969999999999917, 5.6699999999999235, 5.629999999999924, 5.769999999999921]}}