{"statistics": {"successpercentage": [7.000000000000001, 7.000000000000001, 13.5, 18.0, 22.5, 20.5, 25.0, 24.0, 31.0, 17.5], "meanarrivaltime": [4.74790361471539, 4.799176083666404, 5.336797125003721, 3.5435643502890968, 3.3875675751276737, 4.718846707883464, 4.958122274637642, 4.130322149262658, 4.689327233096073, 3.9802970889738196], "minarrivaltime": [12.049999999999788, 10.159999999999828, 10.05999999999983, 8.119999999999871, 7.769999999999879, 8.259999999999868, 8.579999999999862, 7.25999999999989, 7.959999999999875, 8.019999999999873]}}