{"statistics": {"successpercentage": [7.5, 6.0, 10.0, 14.000000000000002, 13.5, 13.5, 18.0, 25.5, 18.0, 22.5], "meanarrivaltime": [7.517375518679824, 10.168712099078206, 5.076783855252134, 4.912101819276351, 6.49777501124668, 8.368320109104458, 8.170502975313257, 4.976049648938702, 7.121080980204771, 7.104763311147076], "minarrivaltime": [6.29999999999991, 8.14999999999987, 5.4399999999999284, 6.2799999999999105, 6.349999999999909, 5.879999999999919, 7.119999999999893, 5.83999999999992, 5.659999999999924, 5.919999999999918]}}