{"statistics": {"successpercentage": [9.0, 14.000000000000002, 16.0, 24.5, 28.000000000000004, 31.0, 25.5, 43.0, 34.5, 41.5], "meanarrivaltime": [5.071496641234999, 3.3940340670388958, 3.8961352773302536, 3.9779447534412475, 5.337783575559485, 3.9483228582683085, 3.9925859377322688, 2.9789655086472515, 3.213290792614074, 2.883849867267207], "minarrivaltime": [11.259999999999804, 9.08999999999985, 13.989999999999746, 7.959999999999875, 8.389999999999866, 7.939999999999875, 7.649999999999881, 7.6899999999998805, 7.509999999999884, 7.679999999999881]}}