{"statistics": {"successpercentage": [12.0, 17.5, 14.499999999999998, 18.0, 21.5, 23.5, 21.0, 26.0, 15.0, 39.0], "meanarrivaltime": [4.478701373668182, 8.866083169899637, 9.82508342661444, 5.480652471762117, 6.408247971499442, 6.191232350185327, 8.790650787049177, 3.2274789392736603, 5.824805461606393, 5.773552651477125], "minarrivaltime": [5.82999999999992, 5.929999999999918, 5.779999999999921, 5.259999999999932, 5.239999999999933, 5.019999999999937, 5.269999999999932, 5.139999999999935, 5.069999999999936, 5.179999999999934]}}