{"statistics": {"successpercentage": [12.5, 9.5, 14.000000000000002, 24.5, 25.0, 33.5, 28.000000000000004, 27.0, 23.5, 22.0], "meanarrivaltime": [7.969887067356718, 5.672873634102704, 6.002241399647792, 5.691591435082079, 3.9556647515157213, 4.253721918460265, 4.008407565686278, 3.1456978279699, 4.285540133409122, 5.014037818792927], "minarrivaltime": [12.37999999999978, 13.189999999999763, 6.919999999999897, 7.139999999999892, 6.989999999999895, 6.659999999999902, 6.339999999999909, 6.519999999999905, 6.199999999999912, 6.209999999999912]}}