{"statistics": {"successpercentage": [4.0, 4.5, 8.0, 13.5, 15.5, 11.0, 19.5, 22.0, 17.0, 20.0], "meanarrivaltime": [6.066280305988591, 4.850862761578124, 4.443229804770988, 5.671316631922772, 4.783997579115729, 4.291704436427382, 4.445720525513083, 4.734215185784548, 4.397272494704488, 4.0510577497604245], "minarrivaltime": [7.539999999999884, 13.009999999999767, 6.29999999999991, 6.439999999999907, 6.31999999999991, 6.259999999999911, 6.509999999999906, 5.989999999999917, 5.879999999999919, 5.769999999999921]}}