{"statistics": {"successpercentage": [4.0, 10.0, 9.5, 18.5, 14.499999999999998, 19.0, 22.5, 30.0, 19.5, 32.0], "meanarrivaltime": [9.937570263824547, 5.282780313490845, 7.692225044115063, 4.43505545698997, 7.165591377251464, 8.538681047505936, 6.18703737274805, 3.2989448989763352, 6.15740445009351, 3.604116648971693], "minarrivaltime": [12.129999999999786, 6.949999999999896, 7.049999999999894, 6.539999999999905, 6.31999999999991, 6.829999999999899, 6.7899999999999, 5.709999999999923, 6.409999999999908, 5.879999999999919]}}