{"statistics": {"successpercentage": [4.0, 11.5, 13.0, 12.0, 16.5, 26.5, 24.0, 22.5, 24.0, 22.5], "meanarrivaltime": [3.273961564797653, 5.246716909293678, 6.25723467600657, 4.1001790750519165, 6.551126028861825, 5.773942260814678, 3.939145802409877, 4.437557513642255, 4.413119492790181, 4.285557547795017], "minarrivaltime": [7.619999999999882, 9.169999999999849, 13.31999999999976, 6.559999999999905, 10.99999999999981, 6.649999999999903, 6.819999999999899, 6.669999999999902, 6.679999999999902, 6.549999999999905]}}