{"statistics": {"successpercentage": [5.0, 10.0, 12.0, 16.5, 24.0, 21.5, 20.0, 30.5, 21.0, 33.0], "meanarrivaltime": [7.8410336625544215, 5.034491309105048, 7.092287136111103, 5.556594379070176, 4.320585389812282, 3.759211168981029, 5.410961932076495, 4.774773024165456, 5.297409068901318, 3.255424496505149], "minarrivaltime": [11.02999999999981, 6.709999999999901, 9.759999999999836, 11.399999999999801, 6.449999999999907, 7.439999999999886, 7.009999999999895, 6.4699999999999065, 11.349999999999802, 6.449999999999907]}}