{"statistics": {"successpercentage": [13.0, 11.0, 7.5, 28.999999999999996, 21.0, 30.5, 28.999999999999996, 30.5, 17.5, 39.0], "meanarrivaltime": [6.679114385056171, 4.883317238221129, 9.020793392525281, 7.39687141108929, 4.2162446088125805, 4.374753977001084, 5.633646611133733, 6.251729449027237, 5.828809538276884, 3.9894853764563503], "minarrivaltime": [6.489999999999906, 6.2799999999999105, 7.149999999999892, 5.689999999999923, 5.7199999999999225, 5.279999999999932, 5.219999999999933, 5.629999999999924, 5.159999999999934, 5.219999999999933]}}