{"statistics": {"successpercentage": [3.5000000000000004, 13.0, 21.5, 15.5, 14.000000000000002, 24.5, 22.0, 22.5, 26.5, 17.5], "meanarrivaltime": [5.502155037509643, 7.254142940369517, 7.396043839693674, 3.832581853357295, 5.283919320869694, 3.5994467570223545, 4.289165302228572, 3.043231396077972, 4.787092428995193, 4.863100648116317], "minarrivaltime": [13.32999999999976, 9.60999999999984, 13.199999999999763, 11.829999999999792, 6.439999999999907, 7.189999999999891, 6.859999999999898, 6.699999999999902, 6.529999999999905, 6.439999999999907]}}