{"statistics": {"successpercentage": [3.5000000000000004, 3.5000000000000004, 22.0, 20.0, 30.0, 30.5, 25.0, 33.5, 25.0, 37.0], "meanarrivaltime": [3.4341013448218582, 3.957968161669591, 3.0910769831725333, 2.9831318032137704, 3.3007683122081817, 3.4200676051771137, 3.609979935790106, 2.7709030408599067, 3.24427371304407, 2.833717839622942], "minarrivaltime": [12.169999999999785, 18.16000000000004, 12.079999999999787, 11.219999999999805, 11.509999999999799, 10.08999999999983, 10.639999999999818, 9.379999999999844, 10.03999999999983, 9.13999999999985]}}