{"statistics": {"successpercentage": [11.0, 10.0, 14.000000000000002, 23.5, 23.5, 30.0, 30.5, 33.0, 36.5, 34.0], "meanarrivaltime": [6.2429524472479505, 6.28208813004708, 5.206231680732599, 5.147575525806528, 4.432797587678907, 3.849417195023909, 3.560337227538032, 3.4322888602688986, 3.7041896758544466, 3.1470637814229967], "minarrivaltime": [8.829999999999856, 6.579999999999904, 7.519999999999884, 8.269999999999868, 6.649999999999903, 7.309999999999889, 6.669999999999902, 6.459999999999907, 6.669999999999902, 6.3299999999999095]}}