{"statistics": {"successpercentage": [1.0, 13.5, 12.0, 9.5, 12.0, 14.499999999999998, 18.0, 19.0, 17.0, 24.0], "meanarrivaltime": [7.751656090794054, 4.710727337127575, 5.493117473200872, 6.238128635728974, 6.570491071294061, 6.704757241932446, 7.8630737636373915, 3.863757103398047, 6.845932499103671, 3.633136221630364], "minarrivaltime": [13.659999999999753, 7.069999999999894, 8.809999999999857, 7.629999999999882, 8.049999999999873, 7.25999999999989, 6.459999999999907, 5.959999999999917, 6.349999999999909, 6.439999999999907]}}