{"statistics": {"successpercentage": [9.5, 10.0, 23.0, 27.0, 28.999999999999996, 31.0, 27.0, 26.5, 39.5, 39.0], "meanarrivaltime": [5.5876555262150065, 8.163711056768266, 3.9041021381942334, 4.73155724230824, 5.7196225468041595, 3.599966944713519, 5.438292456856849, 4.219043710714314, 4.5638668508849465, 3.4498281698083244], "minarrivaltime": [6.709999999999901, 7.609999999999882, 6.849999999999898, 6.339999999999909, 6.109999999999914, 5.479999999999928, 5.729999999999922, 5.479999999999928, 5.689999999999923, 5.549999999999926]}}