{"statistics": {"successpercentage": [10.5, 15.0, 24.0, 21.5, 11.5, 31.5, 35.0, 21.0, 33.5, 33.0], "meanarrivaltime": [7.456264933994065, 3.926666095510861, 4.25960109441724, 4.273956064283728, 7.398562868201682, 5.933152955412493, 3.1179692609557015, 5.21870064151623, 3.1767697820780474, 3.851234582887173], "minarrivaltime": [8.019999999999873, 8.17999999999987, 6.699999999999902, 5.779999999999921, 6.509999999999906, 5.869999999999919, 5.909999999999918, 5.989999999999917, 5.769999999999921, 5.679999999999923]}}