{"statistics": {"successpercentage": [10.5, 18.0, 25.0, 23.5, 26.0, 27.500000000000004, 24.5, 39.5, 31.5, 24.0], "meanarrivaltime": [5.340032033883568, 4.619111488987784, 3.882545242770265, 3.725504380081785, 4.9035599796203515, 5.2229644634838355, 3.910934973010115, 3.1208885633314143, 3.6026313511649932, 4.292816354626871], "minarrivaltime": [11.249999999999805, 8.229999999999869, 8.109999999999872, 9.539999999999841, 8.779999999999857, 8.989999999999853, 7.479999999999885, 7.579999999999883, 8.029999999999873, 7.199999999999891]}}