{"statistics": {"successpercentage": [1.5, 3.0, 5.5, 6.0, 10.5, 15.0, 20.0, 20.0, 28.499999999999996, 24.0], "meanarrivaltime": [3.780310325862622, 4.4407999331198615, 3.2054227116323193, 3.1870626784102023, 3.344503322141732, 3.13223758372518, 3.7151984257436297, 3.8502241500860457, 3.5846354971802237, 3.184572817594429], "minarrivaltime": [14.519999999999735, 18.270000000000056, 12.499999999999778, 13.889999999999748, 11.719999999999795, 9.819999999999835, 15.25999999999972, 11.4899999999998, 10.03999999999983, 11.119999999999807]}}