{"statistics": {"successpercentage": [0.5, 10.0, 16.5, 21.0, 24.0, 31.5, 25.5, 31.5, 28.499999999999996, 23.0], "meanarrivaltime": [2.7584692410402147, 3.6384111591724895, 3.068712489043961, 3.3010721286306817, 3.4303155086807977, 3.3182531220820946, 3.468185533794575, 3.1711943190359104, 2.827855743319663, 3.2993713914049216], "minarrivaltime": [18.960000000000164, 15.789999999999708, 11.679999999999795, 11.4999999999998, 10.909999999999812, 11.01999999999981, 10.799999999999814, 9.949999999999832, 9.899999999999833, 10.339999999999824]}}