{"statistics": {"successpercentage": [8.5, 9.0, 20.0, 12.0, 17.0, 30.0, 27.0, 18.0, 28.999999999999996, 30.5], "meanarrivaltime": [10.164678069305749, 8.348029349740868, 5.382511720674536, 7.5188538113691905, 3.5699305767854717, 3.759555794534693, 3.156954872454148, 6.984518278939968, 4.001154968335117, 4.876629535548751], "minarrivaltime": [14.229999999999741, 10.429999999999822, 5.979999999999917, 6.499999999999906, 5.83999999999992, 5.889999999999919, 6.029999999999916, 5.83999999999992, 5.679999999999923, 5.81999999999992]}}