{"statistics": {"successpercentage": [5.0, 5.0, 14.000000000000002, 7.000000000000001, 25.5, 14.000000000000002, 14.000000000000002, 17.0, 31.0, 21.5], "meanarrivaltime": [5.275679238000033, 5.6202674007787765, 5.722764124822416, 3.690481331452862, 3.203985596448763, 3.9728829993351966, 4.811572748847565, 4.165100937912813, 3.794624985763137, 3.0665507842572137], "minarrivaltime": [15.619999999999711, 13.739999999999752, 10.829999999999814, 14.28999999999974, 8.299999999999867, 14.229999999999741, 13.34999999999976, 8.21999999999987, 8.259999999999868, 8.16999999999987]}}