{"statistics": {"successpercentage": [8.5, 11.5, 10.0, 7.000000000000001, 17.5, 12.0, 22.0, 15.0, 17.0, 13.0], "meanarrivaltime": [7.395209992142726, 5.7942655000599474, 3.8661772256552944, 5.223848876486065, 4.960629247628898, 4.497624407863584, 3.4841546028802877, 5.930076066107242, 3.9853473855552193, 5.298355842733999], "minarrivaltime": [13.409999999999759, 8.889999999999855, 7.299999999999889, 7.339999999999888, 13.619999999999754, 6.679999999999902, 7.6899999999998805, 7.69999999999988, 7.609999999999882, 10.679999999999817]}}