{"statistics": {"successpercentage": [0.0, 0.0, 0.0, 0.0, 0.0, 0.5, 0.0, 0.0, 0.0, 1.5], "meanarrivaltime": [0, 0, 0, 0, 0, 1.7285541978042704, 0, 0, 0, 1.6813633372785979], "minarrivaltime": [0, 0, 0, 0, 0, 19.71000000000028, 0, 0, 0, 18.88000000000015]}}