{"statistics": {"successpercentage": [7.000000000000001, 10.0, 9.0, 10.5, 10.5, 19.0, 27.0, 19.5, 26.5, 26.0], "meanarrivaltime": [7.983137375552408, 6.26336654483507, 7.93455106006536, 8.644360196036004, 4.181447605033749, 4.977857056819603, 4.5964583449593555, 7.764023309911556, 3.7187960348651634, 3.8202106615939404], "minarrivaltime": [12.86999999999977, 6.229999999999912, 6.339999999999909, 7.089999999999893, 6.709999999999901, 5.84999999999992, 6.2799999999999105, 6.1899999999999125, 6.369999999999909, 5.689999999999923]}}