{"statistics": {"successpercentage": [0.0, 5.5, 11.5, 17.5, 19.5, 21.0, 34.5, 27.500000000000004, 13.0, 27.500000000000004], "meanarrivaltime": [0, 3.6759755461261574, 3.165317675966837, 3.1477968331030355, 3.8477293536077797, 3.9844540238518937, 3.097260076182116, 3.0862720731156634, 2.9829182078090968, 3.0017113230981924], "minarrivaltime": [0, 16.329999999999753, 13.069999999999766, 10.03999999999983, 12.939999999999769, 12.559999999999777, 10.869999999999813, 9.58999999999984, 10.06999999999983, 9.769999999999836]}}