{"statistics": {"successpercentage": [3.5000000000000004, 6.0, 9.0, 9.5, 18.5, 12.5, 21.0, 20.5, 17.5, 24.5], "meanarrivaltime": [7.204622839444852, 5.191619505162438, 4.396403924949753, 5.423583994434235, 4.2700103660979005, 8.74961328351245, 4.366840926859034, 7.399962567438035, 8.32224049768279, 4.103490679016367], "minarrivaltime": [8.20999999999987, 6.599999999999904, 6.729999999999901, 6.729999999999901, 6.7799999999999, 6.879999999999898, 5.659999999999924, 7.119999999999893, 6.159999999999913, 5.319999999999931]}}