{"statistics": {"successpercentage": [8.0, 9.0, 8.5, 16.5, 13.5, 22.5, 17.5, 20.0, 23.5, 26.5], "meanarrivaltime": [9.89974970872979, 9.44229384277812, 9.918614351096059, 6.270035366530707, 5.857234045662081, 5.327770200797195, 4.641946626636858, 3.0808286392853796, 6.734300658486923, 3.7597510268807546], "minarrivaltime": [6.239999999999911, 8.869999999999855, 11.4699999999998, 5.7199999999999225, 6.009999999999916, 5.539999999999926, 6.0499999999999154, 5.449999999999928, 5.35999999999993, 5.149999999999935]}}