{"statistics": {"successpercentage": [4.0, 1.0, 5.0, 9.0, 13.0, 16.5, 23.5, 22.5, 26.5, 27.0], "meanarrivaltime": [4.398235668702183, 3.9550225266563777, 4.2966046420361055, 3.9934754370423016, 3.6344680264415956, 3.8974865206988056, 3.7209014203691484, 3.5567694804721524, 2.9554480740534927, 2.9290605233815707], "minarrivaltime": [16.37999999999976, 16.81999999999983, 16.82999999999983, 11.399999999999801, 13.069999999999766, 11.4399999999998, 12.489999999999778, 10.769999999999815, 9.899999999999833, 10.229999999999826]}}