{"statistics": {"successpercentage": [7.5, 7.5, 17.5, 26.0, 27.0, 28.999999999999996, 21.0, 27.500000000000004, 30.5, 44.5], "meanarrivaltime": [7.029512882958754, 7.274323818575931, 4.388375499897685, 4.529746392161294, 4.021665508181737, 3.493203590839624, 6.190823476737793, 3.9743139558034777, 3.2270201928750524, 3.2367957779551273], "minarrivaltime": [9.229999999999848, 7.6399999999998816, 8.65999999999986, 6.619999999999903, 7.309999999999889, 7.569999999999883, 7.649999999999881, 6.7899999999999, 6.259999999999911, 6.039999999999916]}}