{"statistics": {"successpercentage": [11.5, 12.5, 13.5, 16.0, 22.0, 22.0, 28.499999999999996, 24.0, 31.5, 28.000000000000004], "meanarrivaltime": [5.523300539322547, 6.6012523192723265, 5.244518178236375, 4.610565079906246, 4.328685308965993, 4.096202455640445, 3.6648986012349773, 3.1479040470939132, 5.267417396691709, 4.564509756082443], "minarrivaltime": [7.619999999999882, 8.829999999999856, 9.09999999999985, 7.279999999999889, 7.6399999999998816, 6.669999999999902, 6.30999999999991, 6.259999999999911, 6.4699999999999065, 6.809999999999899]}}