{"statistics": {"successpercentage": [9.5, 17.0, 15.5, 30.0, 19.0, 33.0, 35.0, 32.5, 37.0, 30.0], "meanarrivaltime": [5.359247131636415, 4.412380555360807, 3.672788186576349, 3.594696344105283, 4.320349140813792, 2.4194827792419407, 3.162844691637306, 3.9913171007606287, 3.3222779327559793, 3.384482403955149], "minarrivaltime": [10.609999999999818, 10.98999999999981, 7.909999999999876, 7.759999999999879, 9.199999999999848, 9.299999999999846, 7.909999999999876, 7.179999999999891, 7.25999999999989, 7.24999999999989]}}