{"statistics": {"successpercentage": [5.0, 10.5, 4.5, 12.0, 15.0, 23.5, 21.5, 7.5, 19.0, 20.0], "meanarrivaltime": [6.210219848665426, 5.772036505970628, 9.073879652465623, 8.35151433875925, 7.019305108109164, 4.018006960261036, 3.9755884024069243, 4.854959562857384, 5.119748882700245, 7.792505747129786], "minarrivaltime": [8.919999999999854, 5.5799999999999255, 11.089999999999808, 5.2499999999999325, 5.35999999999993, 4.999999999999938, 5.469999999999928, 5.689999999999923, 4.979999999999938, 5.429999999999929]}}