{"statistics": {"successpercentage": [5.5, 7.5, 9.0, 21.5, 17.5, 20.5, 24.0, 19.5, 27.500000000000004, 18.0], "meanarrivaltime": [5.368804608453859, 7.256793626537768, 7.913608836898915, 4.820753380985844, 5.652023917840384, 3.116373512707662, 4.236710422534045, 4.940757960631501, 4.6399975753351175, 3.9406757527853986], "minarrivaltime": [6.999999999999895, 7.609999999999882, 6.549999999999905, 5.959999999999917, 5.729999999999922, 5.549999999999926, 5.789999999999921, 6.459999999999907, 6.219999999999912, 5.969999999999917]}}