{"statistics": {"successpercentage": [9.0, 7.5, 8.5, 14.499999999999998, 25.5, 18.0, 22.0, 28.999999999999996, 29.5, 29.5], "meanarrivaltime": [10.495178013646992, 5.1115054841429535, 9.603467222534944, 6.480813756081318, 4.209861565560342, 7.352107503760312, 4.95152060548203, 4.277962791082855, 6.473474484473411, 3.689711036730582], "minarrivaltime": [10.209999999999827, 5.3899999999999295, 11.4499999999998, 6.7799999999999, 5.759999999999922, 5.84999999999992, 5.479999999999928, 5.309999999999931, 5.279999999999932, 5.289999999999932]}}