{"statistics": {"successpercentage": [7.5, 12.5, 8.5, 12.0, 15.5, 12.0, 19.5, 25.5, 21.0, 32.0], "meanarrivaltime": [5.374691479045237, 6.622167443749796, 5.144436363656163, 9.9516733981293, 4.614398042559057, 8.10641510853313, 3.6101317939793094, 3.6969423826579444, 8.187354121294382, 3.4130291765222065], "minarrivaltime": [6.399999999999908, 5.899999999999919, 6.30999999999991, 6.969999999999896, 5.919999999999918, 6.019999999999916, 5.8599999999999195, 5.519999999999927, 6.809999999999899, 5.199999999999934]}}