{"statistics": {"successpercentage": [4.0, 8.0, 11.5, 17.0, 13.5, 19.5, 28.000000000000004, 23.5, 28.499999999999996, 21.5], "meanarrivaltime": [7.329460116237084, 4.4319648846471695, 6.101633819075844, 7.67660631968092, 7.1984069838359845, 4.646250575132574, 3.448779795885111, 6.277494642990368, 4.308248513077371, 5.524224625996922], "minarrivaltime": [13.76999999999975, 13.159999999999764, 6.519999999999905, 6.649999999999903, 12.189999999999785, 6.229999999999912, 6.099999999999914, 6.079999999999915, 5.889999999999919, 6.739999999999901]}}