{"statistics": {"successpercentage": [8.0, 12.5, 15.0, 32.0, 32.0, 30.0, 35.5, 32.5, 41.5, 43.0], "meanarrivaltime": [7.00403138329127, 4.004523479424999, 5.833509004836367, 5.687767819541653, 3.209890957660733, 3.945902813598394, 2.9902982347376517, 2.7881527412342924, 3.4998100451286103, 3.0799065197753217], "minarrivaltime": [7.659999999999881, 6.899999999999897, 7.3599999999998875, 7.099999999999893, 6.7999999999998995, 6.389999999999908, 6.3299999999999095, 6.739999999999901, 6.039999999999916, 6.239999999999911]}}