{"statistics": {"successpercentage": [7.000000000000001, 12.5, 18.5, 20.5, 22.5, 23.0, 32.5, 21.5, 33.5, 38.5], "meanarrivaltime": [4.1575511090867385, 4.223413425244996, 4.257369440375129, 3.5560813650463463, 3.737269402496202, 4.759157546274058, 3.650109365943388, 4.468777783275397, 3.5660062216636574, 2.8432161485415954], "minarrivaltime": [8.21999999999987, 10.929999999999811, 9.239999999999847, 8.349999999999866, 8.369999999999866, 7.479999999999885, 8.62999999999986, 7.929999999999875, 7.299999999999889, 7.69999999999988]}}