{"statistics": {"successpercentage": [0.0, 0.0, 0.0, 0.0, 0.0, 0.0, 0.0, 0.5, 0.0, 0.0], "meanarrivaltime": [0, 0, 0, 0, 0, 0, 0, 1.759862499295742, 0, 0], "minarrivaltime": [0, 0, 0, 0, 0, 0, 0, 19.95000000000032, 0, 0]}}