{"statistics": {"successpercentage": [11.5, 8.0, 13.0, 20.0, 25.0, 28.499999999999996, 30.0, 24.0, 22.5, 31.0], "meanarrivaltime": [4.440625738449724, 4.674834915554029, 4.970169825558228, 3.6646914372298602, 5.232806753426379, 3.6794994637715313, 3.2639358468869912, 5.089878849551382, 5.1976582895944725, 3.3122005751517305], "minarrivaltime": [5.799999999999921, 12.999999999999767, 6.0499999999999154, 5.769999999999921, 5.949999999999918, 5.689999999999923, 5.419999999999929, 6.439999999999907, 6.039999999999916, 5.279999999999932]}}