{"statistics": {"successpercentage": [3.0, 7.000000000000001, 12.5, 12.0, 18.0, 17.0, 18.5, 16.0, 10.5, 17.0], "meanarrivaltime": [5.181128293053544, 4.3432012303840475, 5.21666133058214, 4.721247381097023, 8.489371350680855, 8.26147820015855, 5.185692854490483, 4.625004434355278, 7.905699413297671, 6.9558572488855495], "minarrivaltime": [7.119999999999893, 6.129999999999914, 6.069999999999915, 6.219999999999912, 5.879999999999919, 7.23999999999989, 5.5299999999999265, 5.729999999999922, 6.979999999999896, 5.069999999999936]}}