{"statistics": {"successpercentage": [3.5000000000000004, 6.0, 11.0, 6.5, 4.0, 17.5, 16.5, 23.0, 23.5, 11.0], "meanarrivaltime": [4.2191379633640915, 6.764642430154464, 5.407106772545659, 6.613283032115445, 3.9494047475521636, 4.518225566457622, 8.23888593757115, 3.8748737326705713, 3.4055872959411095, 11.099458715061658], "minarrivaltime": [5.489999999999927, 5.199999999999934, 5.609999999999925, 11.749999999999794, 11.419999999999801, 5.449999999999928, 6.209999999999912, 5.689999999999923, 5.029999999999937, 11.139999999999807]}}