{"statistics": {"successpercentage": [7.000000000000001, 12.0, 11.0, 22.5, 25.5, 15.0, 18.0, 15.5, 35.5, 22.5], "meanarrivaltime": [8.96491976491278, 5.111242993089733, 7.745443800303519, 5.1555225350935725, 6.907006522579938, 4.609953769800938, 6.120836081510905, 7.029214973664882, 4.412230691889001, 3.3423899485902906], "minarrivaltime": [10.55999999999982, 5.869999999999919, 10.799999999999814, 5.549999999999926, 5.679999999999923, 5.209999999999933, 7.23999999999989, 5.339999999999931, 5.019999999999937, 5.409999999999929]}}