{"statistics": {"successpercentage": [10.5, 20.5, 17.0, 19.5, 19.5, 17.0, 30.5, 33.5, 33.5, 39.0], "meanarrivaltime": [6.645000937597355, 6.580664836494169, 7.6009064372292245, 7.339468866512584, 6.317242187609812, 5.19127971257384, 3.1015639112026663, 3.5997086882863045, 3.3049962439647684, 2.8839386166816103], "minarrivaltime": [8.009999999999874, 9.419999999999844, 12.36999999999978, 11.839999999999792, 6.7799999999999, 6.709999999999901, 6.999999999999895, 6.29999999999991, 6.259999999999911, 6.169999999999913]}}