{"statistics": {"successpercentage": [6.0, 8.0, 10.0, 16.0, 22.5, 17.5, 26.0, 17.0, 25.0, 20.0], "meanarrivaltime": [6.245146016921381, 3.7857551962594496, 5.266772259182789, 4.0062179587091284, 4.142125022005776, 7.285963448716035, 3.4638581582860866, 5.143139992499609, 5.178057436160847, 7.4408563019626515], "minarrivaltime": [7.779999999999879, 12.649999999999775, 7.319999999999888, 6.039999999999916, 7.059999999999894, 6.629999999999903, 5.6699999999999235, 6.649999999999903, 6.7499999999999005, 10.579999999999819]}}