{"statistics": {"successpercentage": [5.0, 10.0, 15.0, 17.0, 15.0, 24.0, 27.500000000000004, 28.999999999999996, 26.5, 27.0], "meanarrivaltime": [6.15667585155697, 5.6126986701645825, 3.764225200102466, 4.579616189556566, 3.80638314056133, 4.6929616454498655, 3.5498983240213664, 4.2707320015024015, 3.4265884410396423, 2.793596114114425], "minarrivaltime": [14.889999999999727, 9.60999999999984, 8.919999999999854, 10.649999999999817, 13.32999999999976, 7.589999999999883, 7.959999999999875, 7.949999999999875, 8.129999999999871, 7.919999999999876]}}