{"statistics": {"successpercentage": [13.5, 20.5, 20.5, 34.5, 28.000000000000004, 29.5, 27.0, 38.5, 28.999999999999996, 33.0], "meanarrivaltime": [4.624139178884179, 5.620678511768758, 3.9329964685467056, 4.269022809855405, 2.775797225967998, 3.719411469819389, 4.251144377920902, 3.2306357827475156, 3.367498315148245, 3.394240179527163], "minarrivaltime": [8.979999999999853, 10.119999999999829, 7.71999999999988, 8.069999999999872, 7.369999999999887, 7.319999999999888, 7.439999999999886, 7.479999999999885, 7.24999999999989, 7.459999999999885]}}