{"statistics": {"successpercentage": [9.0, 7.5, 14.499999999999998, 13.0, 22.5, 22.5, 17.0, 21.0, 27.0, 18.0], "meanarrivaltime": [4.2276233162154115, 4.476204388090372, 4.362243298685653, 6.198121559763981, 4.209371501479151, 4.14466296977694, 3.358643191783076, 4.925220835386628, 4.051279778632662, 5.197852633966428], "minarrivaltime": [8.399999999999865, 10.409999999999823, 9.59999999999984, 8.079999999999872, 8.63999999999986, 9.14999999999985, 8.399999999999865, 8.61999999999986, 8.409999999999865, 13.079999999999766]}}