{"statistics": {"successpercentage": [4.0, 11.0, 15.0, 16.0, 24.5, 28.000000000000004, 26.5, 19.0, 35.5, 32.5], "meanarrivaltime": [9.010291339084866, 5.467819283294594, 5.299400744808504, 4.387478615252297, 6.827513002233672, 3.1531592718286032, 7.490953064180711, 6.835757316109745, 3.8595181292214806, 3.0428120869217854], "minarrivaltime": [6.169999999999913, 5.239999999999933, 5.759999999999922, 5.489999999999927, 5.259999999999932, 5.079999999999936, 5.069999999999936, 5.049999999999937, 4.949999999999939, 4.799999999999942]}}