{"statistics": {"successpercentage": [12.0, 9.0, 24.5, 30.0, 30.5, 25.0, 30.0, 20.5, 42.0, 35.0], "meanarrivaltime": [3.878977155304636, 3.5082272989854797, 3.6348559217412624, 3.408760151023779, 3.0595581198345774, 2.921047827248694, 3.1155433772699337, 3.4427142305626197, 2.585403951159792, 2.569403893469846], "minarrivaltime": [12.569999999999776, 16.6299999999998, 12.249999999999783, 10.919999999999812, 9.509999999999842, 10.719999999999816, 9.689999999999838, 11.339999999999803, 9.62999999999984, 9.08999999999985]}}