{"statistics": {"successpercentage": [5.0, 8.5, 9.5, 15.5, 24.0, 14.000000000000002, 25.0, 19.5, 25.5, 21.5], "meanarrivaltime": [6.686254636626768, 5.233526878254029, 6.083262221517648, 6.676045627361035, 5.225569040110655, 3.7056248610296336, 4.0297801274020735, 5.768083996547352, 6.081300481904192, 6.4066040891029195], "minarrivaltime": [13.249999999999762, 13.469999999999757, 11.339999999999803, 13.129999999999765, 8.20999999999987, 7.439999999999886, 6.859999999999898, 6.819999999999899, 7.059999999999894, 7.339999999999888]}}