{"statistics": {"successpercentage": [0.0, 12.5, 19.0, 24.5, 33.5, 42.5, 36.0, 31.5, 37.0, 31.0], "meanarrivaltime": [0, 4.098965813317751, 3.3308517088067364, 3.8795490558924923, 3.369586546540132, 3.093318379096212, 2.7779798370774764, 3.1174757413402086, 2.8920162688492197, 2.9679815435843953], "minarrivaltime": [0, 14.27999999999974, 12.069999999999787, 11.559999999999798, 10.06999999999983, 9.809999999999835, 10.199999999999827, 9.62999999999984, 9.389999999999844, 10.229999999999826]}}