{"statistics": {"successpercentage": [7.000000000000001, 10.5, 19.5, 20.0, 24.0, 17.5, 31.0, 20.0, 33.0, 15.0], "meanarrivaltime": [5.152695355775798, 7.948598204730228, 4.604766371302902, 5.030153119219433, 8.168229098631818, 6.463388312660427, 3.8389273677869604, 5.079386039706754, 4.173674371175982, 5.498171665797332], "minarrivaltime": [5.889999999999919, 8.17999999999987, 6.2799999999999105, 5.489999999999927, 5.7199999999999225, 5.629999999999924, 5.279999999999932, 6.0499999999999154, 5.4399999999999284, 5.789999999999921]}}