{"statistics": {"successpercentage": [14.000000000000002, 21.0, 22.0, 27.0, 29.5, 36.0, 26.5, 31.0, 37.0, 31.0], "meanarrivaltime": [5.32337972172631, 4.337391113299577, 4.31792752525766, 3.933671231744919, 3.427898965306922, 3.289626138971794, 4.618750247947976, 4.3579576680130545, 3.1758236386509746, 3.368423064868149], "minarrivaltime": [10.01999999999983, 10.249999999999826, 9.09999999999985, 7.9699999999998745, 7.669999999999881, 7.399999999999887, 7.609999999999882, 7.629999999999882, 7.509999999999884, 7.0799999999998935]}}