{"statistics": {"successpercentage": [3.5000000000000004, 5.5, 7.5, 4.0, 9.0, 8.5, 13.5, 17.5, 10.5, 16.5], "meanarrivaltime": [7.360380225498057, 6.653443436817023, 3.9850050192031548, 12.076907027064735, 9.277133294298183, 10.488770839516535, 6.394277682026012, 8.506367748171764, 8.568194013455393, 4.064898310234061], "minarrivaltime": [10.02999999999983, 11.539999999999798, 5.989999999999917, 11.789999999999793, 11.359999999999802, 11.119999999999807, 5.83999999999992, 10.409999999999823, 7.999999999999874, 5.789999999999921]}}