{"statistics": {"successpercentage": [11.5, 11.5, 19.0, 24.5, 23.5, 23.0, 32.0, 35.5, 42.5, 44.5], "meanarrivaltime": [6.322504902678206, 4.51809851032981, 5.4626942751805565, 4.736596586496126, 2.8394083147060956, 4.647724416638136, 3.292840561498655, 2.784121323927152, 2.8841444038923174, 2.9187186588007976], "minarrivaltime": [13.36999999999976, 9.219999999999848, 9.169999999999849, 7.809999999999878, 9.029999999999852, 7.579999999999883, 6.9399999999998965, 7.439999999999886, 7.319999999999888, 6.879999999999898]}}