{"statistics": {"successpercentage": [3.5000000000000004, 3.5000000000000004, 11.0, 6.0, 7.000000000000001, 10.5, 12.5, 11.5, 9.0, 12.0], "meanarrivaltime": [4.994570497337487, 7.451564355524405, 4.559982480012867, 8.391918885375867, 7.277301628287253, 8.2549689188955, 6.660593646229212, 10.22492141116, 9.889240123623408, 4.828402946611676], "minarrivaltime": [11.4399999999998, 11.189999999999806, 7.059999999999894, 12.119999999999786, 6.589999999999904, 10.50999999999982, 10.269999999999825, 6.109999999999914, 5.35999999999993, 11.079999999999808]}}