{"statistics": {"successpercentage": [0.0, 0.0, 0.0, 0.0, 0.0, 0.0, 0.0, 0.0, 0.5, 0.0], "meanarrivaltime": [0, 0, 0, 0, 0, 0, 0, 0, 1.7889911526171538, 0], "minarrivaltime": [0, 0, 0, 0, 0, 0, 0, 0, 19.990000000000325, 0]}}