{"statistics": {"successpercentage": [3.0, 5.5, 14.000000000000002, 16.5, 19.0, 25.0, 23.0, 20.0, 28.499999999999996, 21.0], "meanarrivaltime": [4.358367832585391, 4.215662296253906, 3.5494577073629148, 4.273142054377813, 3.4595767231451027, 3.4823624011920065, 3.5714450818902366, 3.3468542524112856, 2.798666934817402, 3.225022464567709], "minarrivaltime": [16.459999999999773, 13.909999999999748, 14.069999999999744, 15.769999999999708, 12.299999999999782, 12.349999999999781, 11.789999999999793, 9.509999999999842, 9.999999999999831, 9.919999999999833]}}