{"statistics": {"successpercentage": [7.000000000000001, 6.5, 8.0, 11.0, 23.0, 24.5, 25.5, 18.5, 15.0, 27.0], "meanarrivaltime": [7.499037336155227, 6.415932650834216, 7.114386883724032, 9.576771939264267, 10.297828762234326, 4.131297280769767, 8.488751150610009, 4.653932298652256, 5.627641022803609, 3.8740136385641257], "minarrivaltime": [5.629999999999924, 5.2499999999999325, 6.579999999999904, 11.069999999999808, 10.129999999999828, 5.589999999999925, 5.399999999999929, 5.289999999999932, 5.149999999999935, 5.319999999999931]}}