{"statistics": {"successpercentage": [5.5, 9.0, 27.500000000000004, 25.0, 31.0, 29.5, 23.0, 40.5, 40.5, 35.0], "meanarrivaltime": [3.439135369873189, 3.573403448628609, 3.7145581947984057, 3.5606700552572987, 2.908942686697724, 3.0350608207619336, 3.0117613293136936, 2.7120085185026572, 2.5394147913746106, 2.624230650190578], "minarrivaltime": [10.02999999999983, 13.289999999999761, 11.859999999999792, 11.069999999999808, 10.699999999999816, 10.709999999999816, 11.769999999999794, 10.07999999999983, 9.029999999999852, 8.819999999999856]}}