{"statistics": {"successpercentage": [2.5, 7.000000000000001, 11.5, 9.5, 18.5, 25.5, 16.5, 25.0, 31.0, 24.0], "meanarrivaltime": [3.75211417594169, 5.42990286475625, 3.612638288196763, 4.955586000460161, 3.4472750606841505, 4.7879307299319205, 3.7449706721763105, 3.4638412204465463, 3.377133739391092, 5.040934353342467], "minarrivaltime": [15.979999999999704, 14.609999999999733, 13.299999999999761, 10.269999999999825, 13.079999999999766, 8.16999999999987, 12.659999999999775, 7.869999999999877, 7.4099999999998865, 7.879999999999876]}}