{"statistics": {"successpercentage": [1.5, 4.0, 5.0, 10.5, 9.0, 17.5, 13.5, 8.0, 16.0, 9.0], "meanarrivaltime": [5.60240755943104, 10.656767607511698, 5.068514367842945, 6.171575639515022, 5.8958068808906425, 4.573113118259546, 10.801276693120872, 4.755035290407852, 7.769125786588917, 4.2272535951583965], "minarrivaltime": [7.749999999999879, 11.819999999999792, 6.989999999999895, 5.759999999999922, 6.599999999999904, 5.919999999999918, 10.219999999999827, 11.309999999999803, 7.269999999999889, 10.599999999999818]}}