{"statistics": {"successpercentage": [5.0, 3.0, 5.5, 11.5, 26.5, 20.5, 19.5, 30.0, 32.0, 28.499999999999996], "meanarrivaltime": [4.023965164371013, 3.964935422335033, 3.9860243623658858, 3.991025960958513, 3.2734598683403022, 3.6330124768127505, 3.6376906962748863, 2.825304710680024, 2.636849432003163, 3.3960009372944495], "minarrivaltime": [14.809999999999729, 15.969999999999704, 13.76999999999975, 14.109999999999744, 11.779999999999793, 11.859999999999792, 12.959999999999768, 11.01999999999981, 9.829999999999835, 10.289999999999825]}}