{"statistics": {"successpercentage": [8.5, 3.5000000000000004, 16.0, 22.5, 20.5, 26.0, 28.000000000000004, 25.5, 33.5, 22.0], "meanarrivaltime": [10.441115592328847, 10.560624800134914, 7.616297737508153, 4.79964507908408, 6.19922778424633, 4.202286580490236, 2.9887633149515294, 6.310455598759518, 3.9197065787082215, 6.805774983225103], "minarrivaltime": [11.509999999999799, 8.369999999999866, 6.1899999999999125, 5.82999999999992, 5.319999999999931, 5.319999999999931, 5.299999999999931, 5.8599999999999195, 5.589999999999925, 4.929999999999939]}}