{"statistics": {"successpercentage": [5.0, 4.0, 7.000000000000001, 14.499999999999998, 15.0, 11.5, 15.0, 19.5, 20.0, 19.5], "meanarrivaltime": [4.183396048348458, 6.604353760441257, 4.255511325025429, 5.064291490963512, 4.299699397115437, 6.345598810066876, 7.205214731629914, 6.907178036443557, 6.516707607684024, 7.264940005311828], "minarrivaltime": [7.819999999999878, 14.329999999999739, 6.659999999999902, 6.879999999999898, 7.059999999999894, 9.08999999999985, 6.839999999999899, 7.669999999999881, 6.1399999999999135, 6.719999999999901]}}