{"statistics": {"successpercentage": [9.0, 17.5, 19.5, 19.0, 18.5, 20.5, 28.999999999999996, 32.0, 24.5, 32.5], "meanarrivaltime": [4.448184579788176, 5.141133663985895, 4.622141745347891, 4.783686435855266, 4.190295591544602, 4.724428195748081, 3.040594477204039, 3.511955044813218, 4.364238971362261, 3.948898134668652], "minarrivaltime": [9.169999999999849, 9.439999999999843, 10.08999999999983, 8.819999999999856, 8.429999999999865, 8.419999999999865, 7.599999999999882, 7.209999999999891, 8.259999999999868, 7.319999999999888]}}