{"statistics": {"successpercentage": [4.0, 6.5, 12.0, 13.0, 16.0, 20.5, 13.5, 25.5, 17.0, 24.5], "meanarrivaltime": [4.327753105350129, 4.611090177280135, 6.60665118260501, 3.853802122488829, 4.046202135889111, 5.739234542108819, 5.89320824509972, 4.031000946080055, 6.679607345235682, 3.908784634529302], "minarrivaltime": [9.09999999999985, 13.909999999999748, 8.389999999999866, 7.72999999999988, 13.119999999999765, 6.819999999999899, 7.839999999999877, 6.689999999999902, 7.209999999999891, 7.119999999999893]}}