{"statistics": {"successpercentage": [6.0, 8.0, 11.0, 20.0, 27.0, 31.0, 28.499999999999996, 34.0, 31.0, 38.0], "meanarrivaltime": [6.597003038287237, 5.865486318400253, 4.924710197432645, 3.9961539922325975, 4.252378623711747, 4.13608869961231, 3.764115044551126, 3.8701099615753805, 3.772951239018934, 3.3121394621111127], "minarrivaltime": [10.97999999999981, 7.71999999999988, 8.259999999999868, 7.299999999999889, 6.969999999999896, 6.7799999999999, 6.829999999999899, 6.629999999999903, 6.8899999999998975, 6.209999999999912]}}