{"statistics": {"successpercentage": [6.0, 12.0, 17.5, 20.0, 34.5, 24.5, 26.5, 40.0, 18.5, 40.0], "meanarrivaltime": [4.39489425967766, 5.4342514717436785, 3.852003668911651, 3.589241585180215, 3.7948891062150345, 3.008980810056386, 3.9456607929151484, 3.025833795005364, 4.473491024257154, 3.195070470551191], "minarrivaltime": [9.439999999999843, 8.699999999999859, 8.959999999999853, 8.509999999999863, 7.329999999999888, 8.709999999999859, 7.779999999999879, 7.319999999999888, 7.69999999999988, 7.179999999999891]}}