{"statistics": {"successpercentage": [2.5, 9.5, 17.0, 18.5, 19.5, 19.0, 33.0, 22.0, 19.0, 26.5], "meanarrivaltime": [4.060840415618307, 4.013513977220927, 3.8728073187758594, 3.5912595408374517, 3.5028447786659807, 3.676767402021497, 2.794689917539147, 3.207547160609741, 3.412820778794998, 3.0146506908921373], "minarrivaltime": [14.569999999999734, 15.079999999999723, 11.4699999999998, 11.809999999999793, 11.539999999999798, 11.709999999999795, 10.199999999999827, 10.04999999999983, 9.729999999999837, 9.56999999999984]}}