{"statistics": {"successpercentage": [4.5, 10.5, 5.0, 10.5, 11.0, 11.5, 17.5, 23.0, 22.5, 22.5], "meanarrivaltime": [4.799730675973488, 5.256867608532592, 9.597375938997262, 10.969974160546153, 6.415660571145557, 9.994528824247649, 4.256767293494303, 4.378645319146919, 5.315900831291942, 7.149630314421368], "minarrivaltime": [13.039999999999766, 6.949999999999896, 12.729999999999773, 6.589999999999904, 6.549999999999905, 6.549999999999905, 6.019999999999916, 5.799999999999921, 5.589999999999925, 5.919999999999918]}}