{"statistics": {"successpercentage": [8.0, 10.5, 23.0, 26.0, 33.5, 29.5, 35.5, 46.0, 28.000000000000004, 33.5], "meanarrivaltime": [6.026589170392409, 4.605928023302452, 3.659685701856183, 4.9028448116764665, 3.3573613844585664, 4.141446947848511, 3.4429422258633697, 3.2450291356594936, 3.5882063141431715, 3.6050809626495286], "minarrivaltime": [13.609999999999754, 9.709999999999837, 8.579999999999862, 7.819999999999878, 7.099999999999893, 7.70999999999988, 8.019999999999873, 7.679999999999881, 7.289999999999889, 7.589999999999883]}}