{"statistics": {"successpercentage": [7.000000000000001, 6.0, 16.5, 18.5, 17.5, 27.500000000000004, 15.5, 30.0, 19.0, 17.0], "meanarrivaltime": [6.9328667964468105, 11.529009984657693, 4.493127513288175, 6.1344231127941455, 3.971701049279206, 4.58330977612706, 7.360416390916089, 3.574592417680442, 8.276842903694863, 5.925120565524059], "minarrivaltime": [6.029999999999916, 11.92999999999979, 6.2799999999999105, 5.449999999999928, 5.079999999999936, 5.429999999999929, 5.449999999999928, 5.339999999999931, 5.179999999999934, 5.1099999999999355]}}