{"statistics": {"successpercentage": [3.0, 0.0, 4.0, 4.5, 2.0, 10.5, 7.000000000000001, 8.0, 6.5, 18.0], "meanarrivaltime": [3.694414382496804, 0, 5.974849583621578, 4.867391972683807, 8.032974225139114, 7.93609065428417, 5.5327926480862155, 4.45716081726971, 4.801090218860846, 6.054742520851069], "minarrivaltime": [10.279999999999825, 0, 12.619999999999775, 10.08999999999983, 12.599999999999776, 12.569999999999776, 8.18999999999987, 7.649999999999881, 7.099999999999893, 12.829999999999771]}}