{"statistics": {"successpercentage": [5.0, 7.5, 5.0, 17.0, 13.0, 20.0, 16.5, 19.0, 15.0, 24.5], "meanarrivaltime": [3.8928231442808716, 8.132722051265615, 5.6157348613751905, 4.389006553901359, 4.367087847439773, 5.423898929595697, 6.562253589741049, 6.406392607946887, 7.071550851122976, 3.615478757865435], "minarrivaltime": [7.279999999999889, 14.179999999999742, 14.539999999999734, 7.669999999999881, 9.269999999999847, 7.23999999999989, 7.479999999999885, 12.469999999999779, 7.3599999999998875, 6.929999999999897]}}