{"statistics": {"successpercentage": [10.0, 21.0, 20.0, 23.0, 32.5, 25.0, 42.0, 32.0, 28.499999999999996, 47.0], "meanarrivaltime": [5.627046629251358, 4.502478459568409, 3.6679957143195296, 4.892963235157975, 3.3900469640278446, 3.9290973106553313, 3.331542858416689, 4.290797933924019, 4.503921444052512, 2.8969533501741167], "minarrivaltime": [11.079999999999808, 9.389999999999844, 9.669999999999838, 8.379999999999866, 7.9699999999998745, 7.669999999999881, 7.439999999999886, 7.849999999999877, 7.439999999999886, 7.129999999999892]}}