{"statistics": {"successpercentage": [9.0, 7.000000000000001, 17.5, 21.0, 19.0, 34.0, 37.5, 27.500000000000004, 27.500000000000004, 24.0], "meanarrivaltime": [3.8260273190204988, 5.120955600264189, 3.73849599465355, 4.762310905046087, 3.927111136588898, 3.7077446688955327, 3.4066836663223192, 4.334256830544014, 4.149862719075792, 4.156484817289589], "minarrivaltime": [9.849999999999834, 13.719999999999752, 14.109999999999744, 7.72999999999988, 9.60999999999984, 7.819999999999878, 8.15999999999987, 7.759999999999879, 7.419999999999886, 7.679999999999881]}}