{"statistics": {"successpercentage": [4.5, 5.0, 18.0, 9.0, 24.0, 10.5, 22.0, 19.5, 38.0, 18.0], "meanarrivaltime": [11.96108436170131, 7.789818096571432, 5.914549155431605, 9.13462071995224, 5.13540717001131, 9.057552037903335, 8.243817700129235, 8.688253330332799, 3.6730338013371826, 6.424060066755192], "minarrivaltime": [12.069999999999787, 10.399999999999823, 5.629999999999924, 8.139999999999871, 5.549999999999926, 5.729999999999922, 6.669999999999902, 5.8599999999999195, 5.279999999999932, 5.049999999999937]}}