{"statistics": {"successpercentage": [7.000000000000001, 7.000000000000001, 13.0, 19.5, 22.5, 37.5, 38.0, 33.0, 28.000000000000004, 30.5], "meanarrivaltime": [4.430495864377303, 2.8230039882419495, 2.768950160775356, 3.4878389346103846, 3.4118761937864885, 2.8526722478048483, 2.672870556696123, 2.7843764729980163, 2.818171609880629, 2.5988142838888324], "minarrivaltime": [15.129999999999722, 16.169999999999728, 16.069999999999713, 11.509999999999799, 12.179999999999785, 9.669999999999838, 9.56999999999984, 9.429999999999843, 9.879999999999834, 9.799999999999836]}}