{"statistics": {"successpercentage": [8.0, 8.0, 14.000000000000002, 13.5, 19.0, 25.0, 22.5, 26.5, 31.5, 24.5], "meanarrivaltime": [5.2114090178270995, 11.944448384354684, 6.1441836155358205, 7.024818771904884, 5.331990611403604, 3.536167728294678, 8.235758203791855, 3.277057529031915, 3.113572794925521, 2.8072798361078073], "minarrivaltime": [5.279999999999932, 10.279999999999825, 5.589999999999925, 5.519999999999927, 5.629999999999924, 5.119999999999935, 5.079999999999936, 4.959999999999939, 5.139999999999935, 5.189999999999934]}}