{"statistics": {"successpercentage": [2.5, 2.0, 10.5, 25.5, 23.5, 34.0, 23.5, 32.5, 28.000000000000004, 28.999999999999996], "meanarrivaltime": [3.854738780140596, 3.588141683003415, 4.066195039568496, 2.861075139887569, 3.6395940982398343, 3.220822279341569, 2.958513426076075, 2.7478273942774556, 3.2264868775461566, 2.9397890152372383], "minarrivaltime": [15.609999999999712, 13.079999999999766, 11.689999999999795, 10.769999999999815, 11.279999999999804, 10.05999999999983, 13.199999999999763, 10.119999999999829, 9.739999999999837, 9.329999999999846]}}