{"statistics": {"successpercentage": [7.5, 3.0, 9.0, 12.5, 14.000000000000002, 12.0, 19.5, 18.5, 19.5, 14.000000000000002], "meanarrivaltime": [4.630349585760391, 5.915097153882854, 4.3586607069082985, 4.2594212879511675, 5.630430853834176, 5.445701847875966, 4.311012009764825, 4.214525971305992, 5.0839078347558475, 4.293925866179811], "minarrivaltime": [13.559999999999755, 14.78999999999973, 10.139999999999828, 8.989999999999853, 13.999999999999746, 8.289999999999868, 7.959999999999875, 8.329999999999867, 10.669999999999817, 11.4799999999998]}}