{"statistics": {"successpercentage": [5.5, 7.5, 7.000000000000001, 13.5, 13.5, 12.0, 22.0, 22.0, 21.5, 22.5], "meanarrivaltime": [4.6615183708445, 5.953162989881679, 4.70041122518731, 4.989390582734703, 5.574494751185294, 5.2571274525572065, 4.3291990584843125, 4.872030471184458, 3.8177334081233267, 4.804939820903468], "minarrivaltime": [11.519999999999799, 14.77999999999973, 12.479999999999778, 9.539999999999841, 9.229999999999848, 12.259999999999783, 8.939999999999854, 10.06999999999983, 7.949999999999875, 14.019999999999746]}}