{"statistics": {"successpercentage": [7.5, 18.5, 20.5, 23.0, 22.5, 19.0, 32.0, 40.5, 36.0, 37.5], "meanarrivaltime": [5.306885327983577, 4.22442605634616, 4.478388309364265, 4.874285863031509, 4.192311665445359, 4.201291614040418, 3.3296771340640636, 3.4699861220213766, 3.304577862989972, 3.2147684414994484], "minarrivaltime": [13.709999999999752, 9.61999999999984, 8.279999999999868, 8.999999999999853, 11.069999999999808, 8.459999999999864, 7.769999999999879, 7.439999999999886, 7.619999999999882, 7.369999999999887]}}