{"statistics": {"successpercentage": [12.0, 17.0, 18.0, 24.0, 23.0, 18.5, 26.5, 31.0, 20.5, 21.0], "meanarrivaltime": [7.8776535592509545, 4.697213253835608, 7.000660405401992, 6.314219569408654, 3.193011762129511, 6.218261675311056, 4.748230476466686, 5.281921849600517, 4.445968657841475, 5.810795423822309], "minarrivaltime": [7.169999999999892, 5.899999999999919, 7.369999999999887, 7.629999999999882, 6.489999999999906, 6.2799999999999105, 5.699999999999923, 6.2799999999999105, 5.599999999999925, 5.759999999999922]}}