{"statistics": {"successpercentage": [4.0, 9.5, 4.5, 11.5, 22.0, 10.0, 14.000000000000002, 24.5, 27.500000000000004, 25.0], "meanarrivaltime": [4.060806353198455, 5.73089468195191, 12.595099554007252, 11.495006670936869, 4.555354564926559, 8.902607365839977, 10.96654926014966, 3.733825396204766, 3.476699408643863, 3.7431561118237267], "minarrivaltime": [5.789999999999921, 6.249999999999911, 12.36999999999978, 7.139999999999892, 6.079999999999915, 5.649999999999924, 10.98999999999981, 5.3899999999999295, 4.929999999999939, 5.269999999999932]}}