{"statistics": {"successpercentage": [7.000000000000001, 12.0, 19.0, 24.0, 23.5, 23.0, 32.0, 36.0, 17.0, 30.0], "meanarrivaltime": [7.741755592045238, 5.082341854260426, 3.541356045818935, 6.759599564491286, 4.438665987268997, 5.719962129387259, 3.1292875192829657, 3.4278604333736817, 6.8768027852183, 5.016325893570301], "minarrivaltime": [7.099999999999893, 7.419999999999886, 6.489999999999906, 9.259999999999847, 6.269999999999911, 5.599999999999925, 5.879999999999919, 5.609999999999925, 5.889999999999919, 5.8599999999999195]}}