{"statistics": {"successpercentage": [2.5, 12.0, 16.0, 21.5, 19.5, 31.5, 22.5, 34.0, 27.500000000000004, 33.5], "meanarrivaltime": [3.272416654873718, 3.242594603012437, 3.7512093936695843, 3.796889110570508, 2.9563017851653446, 3.270814141185658, 3.0865417805975506, 2.806554566836336, 2.873512077703549, 2.4743063595922163], "minarrivaltime": [17.879999999999995, 12.269999999999783, 12.469999999999779, 11.649999999999796, 12.609999999999776, 9.639999999999839, 9.959999999999832, 8.839999999999856, 10.199999999999827, 9.329999999999846]}}