{"statistics": {"successpercentage": [5.0, 6.5, 10.5, 12.0, 14.499999999999998, 18.5, 16.0, 16.5, 24.0, 26.0], "meanarrivaltime": [7.7043642429121935, 4.434278666939942, 6.013511525696586, 6.050853328544534, 8.319812928669723, 6.882715371210224, 7.534599944610738, 7.462020512535452, 4.235858041560558, 4.331336909595672], "minarrivaltime": [13.669999999999753, 6.619999999999903, 5.679999999999923, 6.119999999999914, 7.299999999999889, 10.48999999999982, 6.569999999999904, 5.7199999999999225, 5.479999999999928, 5.509999999999927]}}