{"statistics": {"successpercentage": [3.0, 14.000000000000002, 9.0, 17.5, 15.5, 23.0, 19.0, 29.5, 23.0, 34.0], "meanarrivaltime": [8.26115156779892, 5.2998708834582215, 5.3618724073727915, 4.063924786664232, 4.665010281701742, 4.242585828595731, 5.94660161820818, 3.3461627514660863, 3.708194124211077, 3.249699449223899], "minarrivaltime": [7.189999999999891, 5.909999999999918, 7.129999999999892, 6.229999999999912, 6.4699999999999065, 5.649999999999924, 5.599999999999925, 5.869999999999919, 5.679999999999923, 5.239999999999933]}}