{"statistics": {"successpercentage": [4.5, 7.000000000000001, 10.0, 19.0, 13.0, 18.5, 17.5, 25.0, 28.499999999999996, 39.0], "meanarrivaltime": [4.349898444500536, 3.6886536352959083, 3.5165887349239107, 3.796630739542337, 4.248691157330298, 3.862378093251108, 3.0014782263576247, 3.6727517990549785, 3.5469592391282876, 2.914445233180726], "minarrivaltime": [13.37999999999976, 13.189999999999763, 12.37999999999978, 12.83999999999977, 11.679999999999795, 11.89999999999979, 10.689999999999817, 11.099999999999808, 11.389999999999802, 9.859999999999834]}}