{"statistics": {"successpercentage": [0.0, 0.0, 0.0, 0.0, 0.0, 0.0, 1.0, 1.5, 0.0, 1.0], "meanarrivaltime": [0, 0, 0, 0, 0, 0, 1.618899826951675, 1.7361014138278417, 0, 1.7164055267721317], "minarrivaltime": [0, 0, 0, 0, 0, 0, 18.650000000000116, 19.25000000000021, 0, 19.420000000000236]}}