{"statistics": {"successpercentage": [8.5, 6.0, 11.0, 21.5, 18.5, 22.0, 24.0, 23.0, 20.0, 26.5], "meanarrivaltime": [8.104972408083558, 7.539216645419207, 9.808078392174322, 4.963119625812929, 7.024564064114435, 4.9314275758029735, 7.668455417899609, 6.2240149747601325, 4.022480610048212, 2.7873339079964117], "minarrivaltime": [7.4099999999998865, 6.569999999999904, 6.009999999999916, 5.36999999999993, 5.84999999999992, 5.81999999999992, 5.979999999999917, 10.07999999999983, 5.779999999999921, 5.4399999999999284]}}