{"statistics": {"successpercentage": [1.5, 2.0, 6.5, 16.0, 26.5, 27.0, 20.5, 25.5, 28.499999999999996, 27.500000000000004], "meanarrivaltime": [4.778432594127306, 2.7160017545923227, 4.269820087632535, 3.6958526981468562, 3.846819581622311, 3.3160185290873363, 4.008325868079643, 3.4831236956143443, 2.767946019710728, 2.5189622322614906], "minarrivaltime": [19.430000000000238, 19.400000000000233, 16.18999999999973, 13.019999999999767, 13.499999999999757, 11.389999999999802, 15.729999999999709, 11.349999999999802, 11.089999999999808, 9.979999999999832]}}