{"statistics": {"successpercentage": [9.5, 15.5, 15.0, 23.5, 2.0, 31.5, 27.500000000000004, 23.5, 34.5, 38.5], "meanarrivaltime": [5.834383368037245, 5.1554104381687464, 4.176213317245459, 5.574982225547213, 4.356086746701641, 3.270481482691719, 3.771155035631472, 6.882520002196148, 3.7332815287321437, 3.2696559821782882], "minarrivaltime": [6.649999999999903, 5.969999999999917, 6.079999999999915, 5.589999999999925, 5.36999999999993, 6.269999999999911, 5.449999999999928, 5.699999999999923, 4.979999999999938, 5.099999999999936]}}