{"statistics": {"successpercentage": [15.5, 25.5, 25.0, 20.5, 38.5, 26.0, 32.5, 32.5, 25.0, 37.0], "meanarrivaltime": [4.8057799192637125, 4.660582100862667, 6.280170269217212, 5.612162928133663, 3.3815195441223356, 5.957231239441709, 3.1014988562034747, 3.011446791927889, 5.074176938410289, 2.9780082458421986], "minarrivaltime": [7.469999999999885, 5.949999999999918, 5.639999999999924, 6.449999999999907, 6.589999999999904, 5.84999999999992, 5.739999999999922, 6.0499999999999154, 5.699999999999923, 5.459999999999928]}}