{"statistics": {"successpercentage": [5.0, 1.0, 10.5, 8.0, 13.5, 17.0, 15.0, 14.000000000000002, 16.0, 23.5], "meanarrivaltime": [5.038690984778654, 9.552649222904726, 7.65219708606602, 5.3032303182606775, 4.622084112505037, 3.5103686123775026, 7.167572499207512, 6.326263197460383, 5.163307840338695, 4.720976027821722], "minarrivaltime": [7.539999999999884, 14.659999999999732, 11.529999999999799, 7.679999999999881, 6.629999999999903, 11.839999999999792, 11.719999999999795, 11.94999999999979, 7.069999999999894, 6.1399999999999135]}}