{"statistics": {"successpercentage": [3.0, 7.000000000000001, 14.499999999999998, 14.000000000000002, 10.0, 14.000000000000002, 20.5, 12.0, 24.5, 19.5], "meanarrivaltime": [5.20988052122986, 6.317354876137189, 5.871831367164784, 4.926574823244195, 11.73273913757064, 5.782090203424154, 4.12772188187169, 10.31771062569379, 3.7907638218113453, 8.022853703050394], "minarrivaltime": [14.159999999999743, 6.639999999999903, 5.709999999999923, 5.8599999999999195, 7.0799999999998935, 6.729999999999901, 5.34999999999993, 10.709999999999816, 5.459999999999928, 5.36999999999993]}}