{"statistics": {"successpercentage": [3.0, 6.0, 6.5, 16.5, 12.0, 20.0, 19.0, 14.499999999999998, 13.5, 34.0], "meanarrivaltime": [11.2001741039958, 5.30346562583791, 9.75834641770899, 5.670375434666001, 4.553220214593138, 3.9714953465561758, 8.62072196259964, 6.619280926258082, 6.443620493771548, 3.801090145971578], "minarrivaltime": [5.939999999999918, 5.979999999999917, 10.199999999999827, 6.069999999999915, 5.34999999999993, 6.029999999999916, 5.569999999999926, 6.2799999999999105, 5.939999999999918, 4.9699999999999385]}}