{"statistics": {"successpercentage": [10.0, 10.5, 10.0, 20.5, 25.0, 18.0, 16.5, 20.0, 25.0, 12.5], "meanarrivaltime": [5.141929564625771, 4.91256904996035, 5.703942450574926, 7.943824286615389, 3.8912124672585024, 8.039592669688062, 5.766236645174242, 4.759709275019292, 9.727113191526962, 5.352664677071951], "minarrivaltime": [5.169999999999934, 6.28999999999991, 6.1899999999999125, 6.039999999999916, 5.409999999999929, 8.719999999999859, 5.139999999999935, 5.649999999999924, 5.429999999999929, 6.599999999999904]}}