{"statistics": {"successpercentage": [4.5, 3.0, 4.5, 5.5, 9.5, 8.0, 9.5, 14.000000000000002, 10.5, 12.0], "meanarrivaltime": [7.588833393297837, 6.4949077754905185, 4.532843153523539, 7.299042433531458, 9.806032466962568, 6.6655641820600415, 10.235393444580515, 8.019282747466113, 8.122492582365174, 6.017603829995128], "minarrivaltime": [12.039999999999788, 14.72999999999973, 12.939999999999769, 6.559999999999905, 11.299999999999804, 7.039999999999894, 11.569999999999798, 10.98999999999981, 9.739999999999837, 11.359999999999802]}}