{"statistics": {"successpercentage": [2.0, 5.0, 4.5, 10.0, 10.5, 6.5, 12.5, 12.0, 18.0, 15.0], "meanarrivaltime": [4.056929139384281, 3.8180170663105093, 4.183219807158967, 3.2113910271995088, 3.5193911710229546, 2.6349475235887017, 4.00102350530558, 4.027900463391623, 3.7308639848640643, 3.0050432903059536], "minarrivaltime": [16.31999999999975, 12.739999999999773, 16.609999999999797, 11.92999999999979, 12.989999999999768, 16.969999999999853, 11.829999999999792, 12.599999999999776, 12.729999999999773, 10.869999999999813]}}