{"statistics": {"successpercentage": [7.5, 14.000000000000002, 16.0, 18.0, 13.5, 27.0, 28.499999999999996, 20.0, 38.5, 37.0], "meanarrivaltime": [5.856553026840578, 3.495097640289667, 4.4118356071721445, 3.629235851249549, 4.2232111711802025, 4.538320344332963, 3.539988039255775, 4.218233220303716, 3.362670504530733, 3.350730844759659], "minarrivaltime": [10.95999999999981, 12.649999999999775, 7.9699999999998745, 8.15999999999987, 7.329999999999888, 7.929999999999875, 8.059999999999873, 9.239999999999847, 7.539999999999884, 7.839999999999877]}}