{"statistics": {"successpercentage": [0.0, 0.0, 0.0, 0.0, 0.0, 0.0, 0.0, 0.0, 0.5, 0.5], "meanarrivaltime": [0, 0, 0, 0, 0, 0, 0, 0, 1.6885963880194426, 1.7218782384015934], "minarrivaltime": [0, 0, 0, 0, 0, 0, 0, 0, 19.100000000000186, 19.77000000000029]}}