{"statistics": {"successpercentage": [14.000000000000002, 22.0, 20.0, 19.0, 21.0, 35.0, 32.0, 25.5, 39.5, 31.5], "meanarrivaltime": [5.669199311004249, 4.442413948278147, 3.8319772698001087, 4.392839746393157, 4.587092522263053, 3.605429839028646, 3.8004169412758824, 4.4341072250220845, 3.1704480530283665, 2.754041281628216], "minarrivaltime": [8.61999999999986, 7.579999999999883, 8.359999999999866, 8.279999999999868, 7.419999999999886, 7.749999999999879, 7.539999999999884, 6.869999999999898, 7.419999999999886, 7.6399999999998816]}}