{"statistics": {"successpercentage": [4.0, 6.5, 7.000000000000001, 5.5, 10.5, 14.000000000000002, 15.0, 18.0, 23.0, 18.0], "meanarrivaltime": [6.4627225365298235, 4.271126665223018, 3.533560761860337, 5.336190853021185, 8.189375813699678, 4.757387245803167, 4.395993029790815, 7.769703513718549, 3.997356413383287, 5.518482011622079], "minarrivaltime": [11.049999999999809, 8.379999999999866, 6.119999999999914, 6.31999999999991, 11.579999999999798, 6.30999999999991, 5.979999999999917, 11.849999999999792, 6.259999999999911, 6.449999999999907]}}