{"statistics": {"successpercentage": [12.0, 19.0, 19.5, 22.5, 30.5, 39.0, 35.5, 34.0, 33.5, 29.5], "meanarrivaltime": [5.506364755241403, 4.8915025385717446, 4.510226389301177, 3.861440826230181, 3.325847004970265, 3.745570329819121, 3.1906819549678227, 3.1020935093122843, 3.644424453133769, 3.4689849441058342], "minarrivaltime": [9.019999999999852, 6.909999999999897, 6.519999999999905, 6.7799999999999, 6.199999999999912, 6.569999999999904, 6.479999999999906, 6.679999999999902, 6.1899999999999125, 6.1399999999999135]}}