{"statistics": {"successpercentage": [3.0, 14.000000000000002, 19.0, 25.5, 31.0, 28.000000000000004, 35.5, 22.5, 33.0, 45.5], "meanarrivaltime": [4.450526113516353, 4.065083174341344, 3.6989979032159006, 3.4986615059724344, 2.5016317687817393, 3.1391898424062075, 3.1174675943237338, 3.136747832690271, 2.7241837789988437, 2.228143223986322], "minarrivaltime": [17.559999999999945, 13.389999999999759, 14.199999999999742, 10.829999999999814, 10.859999999999813, 9.269999999999847, 10.359999999999824, 9.909999999999833, 9.649999999999839, 9.14999999999985]}}