{"statistics": {"successpercentage": [3.5000000000000004, 14.000000000000002, 17.5, 14.000000000000002, 27.0, 30.5, 18.5, 37.0, 28.499999999999996, 33.0], "meanarrivaltime": [6.1608268722762105, 6.4146647008991735, 4.8131832689309695, 8.648402285980568, 5.239071888267686, 4.270594528421828, 7.69131685458435, 3.1963342997466095, 5.690789293497031, 4.10963693002637], "minarrivaltime": [6.559999999999905, 5.739999999999922, 5.559999999999926, 11.229999999999805, 5.299999999999931, 5.639999999999924, 10.329999999999824, 5.35999999999993, 5.339999999999931, 5.299999999999931]}}