{"statistics": {"successpercentage": [13.0, 11.5, 20.5, 28.999999999999996, 31.0, 31.5, 34.0, 28.000000000000004, 38.5, 30.5], "meanarrivaltime": [5.537070816285761, 3.0198006337111245, 5.293586779654371, 4.028811327954975, 3.6900143637772063, 3.313481980175932, 3.387310804018418, 3.11405823454901, 2.601952951850224, 2.7612539816743666], "minarrivaltime": [8.429999999999865, 14.499999999999735, 7.999999999999874, 8.14999999999987, 7.599999999999882, 7.769999999999879, 7.189999999999891, 7.539999999999884, 7.169999999999892, 7.0799999999998935]}}