{"statistics": {"successpercentage": [3.0, 5.0, 11.5, 14.499999999999998, 12.0, 15.0, 22.5, 26.0, 22.0, 23.5], "meanarrivaltime": [5.41600927330192, 8.47611635673269, 9.102913284166824, 4.774143229595305, 4.907601344784289, 4.203574756452686, 6.336555432591925, 4.270017311356339, 4.298788475269602, 4.143133123776682], "minarrivaltime": [8.519999999999863, 12.939999999999769, 12.089999999999787, 6.099999999999914, 6.649999999999903, 6.479999999999906, 6.239999999999911, 7.25999999999989, 5.909999999999918, 6.559999999999905]}}