{"statistics": {"successpercentage": [9.0, 16.0, 13.5, 19.0, 19.0, 26.0, 21.0, 24.0, 33.5, 30.0], "meanarrivaltime": [9.289737127786532, 6.148810918925136, 5.025366293209525, 5.827059735805004, 4.485599291094645, 3.629839713411274, 6.835140514671353, 4.676538539925235, 3.4403288239614156, 6.0692321656090105], "minarrivaltime": [7.539999999999884, 5.84999999999992, 5.559999999999926, 5.519999999999927, 5.899999999999919, 5.3899999999999295, 5.459999999999928, 5.489999999999927, 4.979999999999938, 5.159999999999934]}}