{"statistics": {"successpercentage": [10.0, 19.0, 28.499999999999996, 19.5, 20.0, 25.0, 18.0, 32.5, 36.5, 36.0], "meanarrivaltime": [5.458880848078913, 7.485421710888453, 4.296100401933584, 3.632963482763303, 5.09310832802463, 5.982871578768259, 6.284060629786027, 3.2498923747660213, 2.795393654315898, 4.334877185255559], "minarrivaltime": [6.31999999999991, 6.679999999999902, 5.8599999999999195, 6.359999999999909, 6.339999999999909, 6.009999999999916, 5.899999999999919, 5.6699999999999235, 5.259999999999932, 5.299999999999931]}}