{"statistics": {"successpercentage": [3.0, 5.5, 14.000000000000002, 22.0, 16.0, 21.5, 19.5, 18.5, 29.5, 24.0], "meanarrivaltime": [4.995993311571367, 4.974953349026797, 4.513631110702305, 5.287798484709683, 6.936268192392505, 4.272681532514865, 7.711794520329659, 7.551263905634657, 3.9198622438957873, 6.0494444689378275], "minarrivaltime": [7.419999999999886, 7.609999999999882, 6.569999999999904, 5.399999999999929, 5.929999999999918, 5.399999999999929, 6.7999999999998995, 10.629999999999818, 5.509999999999927, 5.2499999999999325]}}