{"statistics": {"successpercentage": [5.5, 17.5, 19.0, 15.0, 15.0, 19.0, 32.5, 27.0, 20.5, 25.0], "meanarrivaltime": [4.17125310364588, 4.137265529775245, 8.929140985912047, 4.1234366914665666, 4.036419332155146, 7.6720508333633175, 3.4870809664750824, 5.904719880853838, 5.607899162585708, 2.8934172453642244], "minarrivaltime": [5.589999999999925, 5.36999999999993, 5.339999999999931, 5.83999999999992, 5.37999999999993, 5.299999999999931, 5.229999999999933, 5.149999999999935, 4.9199999999999395, 4.869999999999941]}}