{"statistics": {"successpercentage": [4.5, 9.5, 11.5, 20.5, 24.0, 18.0, 28.999999999999996, 18.5, 16.0, 32.5], "meanarrivaltime": [10.39775768956638, 10.114795711176273, 6.609874819870148, 3.978911360086394, 4.408056721934087, 6.943403849948321, 3.997868918688554, 6.706511576781721, 3.8367613281414044, 3.1001503738194995], "minarrivaltime": [11.4699999999998, 8.269999999999868, 6.829999999999899, 5.309999999999931, 5.709999999999923, 5.5299999999999265, 5.049999999999937, 5.279999999999932, 5.489999999999927, 5.419999999999929]}}