{"statistics": {"successpercentage": [11.0, 12.0, 11.0, 19.0, 14.499999999999998, 12.0, 25.5, 24.5, 26.5, 21.0], "meanarrivaltime": [4.34045405172733, 4.768186763858113, 5.146357384101735, 3.5215454706797162, 5.943213745137247, 6.506863140330572, 3.2411516656564587, 4.026891577892484, 4.0682242392626495, 6.116403332059038], "minarrivaltime": [6.159999999999913, 13.76999999999975, 7.539999999999884, 10.02999999999983, 7.679999999999881, 9.15999999999985, 6.579999999999904, 8.029999999999873, 6.8899999999998975, 10.379999999999823]}}