{"statistics": {"successpercentage": [11.0, 10.5, 23.0, 17.0, 17.5, 20.5, 32.5, 34.0, 30.0, 16.5], "meanarrivaltime": [9.966325529078055, 10.892695660121767, 5.277203713167685, 4.369325050260198, 8.89974291682591, 3.621715943443032, 4.319991141689559, 3.653454989042711, 3.706872493863771, 7.479438566790838], "minarrivaltime": [7.909999999999876, 11.409999999999801, 5.409999999999929, 5.329999999999931, 5.499999999999927, 5.229999999999933, 5.129999999999935, 5.399999999999929, 5.149999999999935, 5.049999999999937]}}