{"statistics": {"successpercentage": [5.5, 7.000000000000001, 5.0, 12.5, 19.0, 19.0, 18.0, 9.5, 13.0, 22.5], "meanarrivaltime": [6.553403038145495, 12.189084394427246, 8.464792281819829, 10.363664673263418, 6.459850231170853, 8.248189780517647, 4.498516458208435, 5.7965505641100386, 3.4142443134027918, 5.138902301978228], "minarrivaltime": [6.079999999999915, 11.579999999999798, 7.009999999999895, 9.309999999999846, 5.789999999999921, 5.739999999999922, 5.509999999999927, 5.37999999999993, 4.929999999999939, 5.119999999999935]}}