{"statistics": {"successpercentage": [5.5, 4.5, 8.0, 16.5, 15.5, 18.5, 13.5, 30.0, 28.999999999999996, 20.5], "meanarrivaltime": [8.636953474643386, 9.02567103991355, 4.224894103554101, 4.606514183149392, 3.4411915875318435, 4.713616192670223, 4.638014696589654, 3.8365608705935066, 3.555860715999649, 3.7403878272381528], "minarrivaltime": [8.68999999999986, 8.18999999999987, 12.789999999999772, 7.189999999999891, 6.589999999999904, 7.169999999999892, 6.2799999999999105, 6.30999999999991, 5.8599999999999195, 6.239999999999911]}}