{"statistics": {"successpercentage": [0.0, 0.0, 0.0, 0.0, 0.0, 0.0, 0.0, 0.0, 0.0, 0.5], "meanarrivaltime": [0, 0, 0, 0, 0, 0, 0, 0, 0, 1.676335016822986], "minarrivaltime": [0, 0, 0, 0, 0, 0, 0, 0, 0, 19.32000000000022]}}