{"statistics": {"successpercentage": [13.5, 15.0, 16.5, 20.5, 26.0, 24.0, 34.0, 29.5, 38.0, 29.5], "meanarrivaltime": [4.862271636137275, 4.758875118081186, 5.062460469205359, 4.68651043263992, 4.10383368867058, 5.612519292251503, 4.21409256160033, 4.784330604597471, 3.0940597450863034, 3.3464827725182293], "minarrivaltime": [7.3599999999998875, 7.439999999999886, 7.2199999999998905, 6.209999999999912, 7.019999999999895, 7.25999999999989, 6.399999999999908, 6.379999999999908, 6.169999999999913, 5.81999999999992]}}