{"statistics": {"successpercentage": [3.0, 1.5, 5.5, 4.0, 4.5, 8.5, 11.5, 13.5, 18.5, 10.0], "meanarrivaltime": [5.521301557209779, 8.522326032464832, 7.7501170443511915, 8.26105370846053, 5.3369372289601245, 9.95194689516187, 5.847171478409908, 4.586614419760328, 4.759557057004484, 11.89677966477284], "minarrivaltime": [13.33999999999976, 13.929999999999747, 11.769999999999794, 12.479999999999778, 11.599999999999797, 10.50999999999982, 6.109999999999914, 6.709999999999901, 5.779999999999921, 10.299999999999825]}}