{"statistics": {"successpercentage": [2.5, 1.0, 3.0, 4.5, 13.0, 16.5, 13.5, 15.5, 19.5, 20.5], "meanarrivaltime": [4.65298567455883, 2.6152985304229603, 2.625278124140394, 4.421383138996865, 2.959917093967213, 3.412407849467041, 3.153382650130777, 2.823309345436261, 2.8640810942069876, 3.3919530993649207], "minarrivaltime": [19.00000000000017, 18.36000000000007, 17.499999999999936, 17.239999999999895, 13.209999999999763, 11.4399999999998, 11.039999999999809, 16.009999999999703, 11.619999999999797, 11.699999999999795]}}