{"statistics": {"successpercentage": [4.5, 8.0, 12.0, 23.0, 18.5, 23.5, 31.5, 27.0, 21.0, 23.5], "meanarrivaltime": [3.975858900752355, 4.37110025707798, 3.212914777740153, 3.6830877495748267, 3.1486638253759622, 2.6887648284465304, 2.801417069452827, 3.463857259101875, 3.17109137899651, 2.7231849852527756], "minarrivaltime": [14.099999999999744, 13.76999999999975, 15.099999999999723, 13.579999999999755, 11.309999999999803, 12.089999999999787, 10.699999999999816, 12.819999999999771, 9.57999999999984, 9.909999999999833]}}