{"statistics": {"successpercentage": [8.0, 11.5, 25.5, 24.5, 25.0, 23.5, 39.5, 26.5, 34.5, 35.0], "meanarrivaltime": [4.185552428012057, 3.551113923709704, 3.4378298205349025, 3.321281154495053, 3.4353092947895463, 3.4649303907297266, 2.662123062124279, 2.4899948917157277, 2.640186228177527, 2.78319853082898], "minarrivaltime": [16.459999999999773, 13.599999999999755, 11.569999999999798, 10.459999999999821, 10.779999999999815, 10.06999999999983, 9.209999999999848, 9.919999999999833, 9.429999999999843, 9.029999999999852]}}