{"statistics": {"successpercentage": [1.5, 10.5, 13.0, 17.0, 27.500000000000004, 23.0, 20.0, 32.5, 21.0, 31.5], "meanarrivaltime": [3.2873244952241762, 4.2569187723940125, 4.117323158860859, 3.4624602421296506, 3.7499690472311435, 3.1966019278954825, 3.113693296696965, 2.8866690043715817, 2.8929025925900023, 3.2123136451482073], "minarrivaltime": [14.349999999999739, 13.539999999999756, 13.599999999999755, 10.399999999999823, 11.799999999999793, 11.089999999999808, 9.269999999999847, 9.779999999999836, 10.219999999999827, 9.329999999999846]}}