{"statistics": {"successpercentage": [7.000000000000001, 11.5, 12.5, 15.5, 21.0, 26.5, 25.0, 20.0, 23.5, 34.0], "meanarrivaltime": [9.093520009772288, 9.222168098330153, 7.718790632896542, 5.482146038027671, 3.8878368140264077, 4.255601840292106, 4.327053564452722, 5.771562216580648, 5.692270930191492, 3.5287058883269986], "minarrivaltime": [8.339999999999867, 12.029999999999788, 6.649999999999903, 6.7899999999999, 6.269999999999911, 5.559999999999926, 6.339999999999909, 10.819999999999814, 6.899999999999897, 5.799999999999921]}}