{"statistics": {"successpercentage": [4.5, 12.0, 6.5, 12.5, 9.5, 17.0, 17.0, 16.0, 22.5, 21.0], "meanarrivaltime": [6.520854726221106, 4.722603922787991, 7.7261475111924796, 5.005839704004361, 8.37620250323888, 9.152971468966843, 5.010839351852671, 8.555514756773974, 4.4003265913653715, 8.611183373325897], "minarrivaltime": [7.419999999999886, 5.82999999999992, 6.659999999999902, 5.36999999999993, 6.579999999999904, 8.319999999999867, 6.019999999999916, 5.889999999999919, 5.81999999999992, 5.5799999999999255]}}