{"statistics": {"successpercentage": [9.5, 10.5, 15.0, 14.499999999999998, 20.5, 27.500000000000004, 31.0, 33.5, 29.5, 26.0], "meanarrivaltime": [5.165098964847626, 5.548555156616156, 8.151583922833941, 4.951252619333861, 8.499948675125976, 4.614110762255808, 4.693567361114362, 3.752142043142113, 4.0632308256873975, 5.67167196830027], "minarrivaltime": [6.629999999999903, 5.81999999999992, 9.369999999999845, 5.749999999999922, 6.159999999999913, 5.779999999999921, 5.569999999999926, 5.149999999999935, 5.449999999999928, 5.5799999999999255]}}