{"statistics": {"successpercentage": [3.5000000000000004, 11.0, 24.0, 24.5, 25.0, 22.5, 24.0, 31.5, 36.0, 33.5], "meanarrivaltime": [6.469147720097974, 6.78198648475823, 5.682487444884377, 3.7140692020257515, 4.4877989662922415, 4.033015086189135, 5.030807397168155, 3.5712300218960076, 3.8219343034387503, 2.9635252285391354], "minarrivaltime": [11.839999999999792, 12.709999999999773, 6.7999999999998995, 6.219999999999912, 5.729999999999922, 6.069999999999915, 5.8599999999999195, 5.589999999999925, 5.609999999999925, 5.509999999999927]}}