{"statistics": {"successpercentage": [0.0, 0.0, 0.0, 0.0, 0.0, 0.0, 0.5, 0.0, 0.0, 2.0], "meanarrivaltime": [0, 0, 0, 0, 0, 0, 1.7661004500131046, 0, 0, 1.7016826972104762], "minarrivaltime": [0, 0, 0, 0, 0, 0, 19.910000000000313, 0, 0, 18.460000000000086]}}