{"statistics": {"successpercentage": [14.000000000000002, 9.0, 19.5, 22.5, 24.0, 34.0, 29.5, 20.5, 27.0, 33.0], "meanarrivaltime": [5.2740334240015585, 8.460371074695306, 4.725352220131168, 4.230505496632111, 6.720349103096171, 3.4627776265697063, 3.955777819674987, 6.108141019357856, 3.869653774177673, 2.7327806128635657], "minarrivaltime": [6.159999999999913, 9.649999999999839, 6.089999999999915, 5.4399999999999284, 5.6699999999999235, 5.269999999999932, 5.589999999999925, 6.439999999999907, 5.589999999999925, 5.319999999999931]}}