{"statistics": {"successpercentage": [8.5, 11.5, 10.5, 11.0, 17.5, 27.0, 25.0, 18.5, 35.5, 23.5], "meanarrivaltime": [10.888775816407675, 11.038700770710708, 8.8726979041195, 7.523919264322311, 4.689629013296462, 4.299535448319213, 4.077155688284942, 7.085147955858783, 5.652781380611686, 7.425248367924259], "minarrivaltime": [10.219999999999827, 8.559999999999862, 6.7499999999999005, 5.659999999999924, 5.779999999999921, 5.599999999999925, 5.799999999999921, 5.84999999999992, 5.489999999999927, 5.679999999999923]}}