{"statistics": {"successpercentage": [7.000000000000001, 15.5, 10.5, 14.000000000000002, 20.5, 34.0, 34.0, 26.0, 13.0, 26.0], "meanarrivaltime": [8.583403599118396, 5.722627203855488, 7.8780730494648905, 7.1256034665631285, 3.2888461201829773, 5.04426294858812, 3.9838519683663027, 6.677530810609358, 7.322590901075467, 5.556716151441179], "minarrivaltime": [8.379999999999866, 5.199999999999934, 5.329999999999931, 6.419999999999908, 4.939999999999939, 5.3899999999999295, 4.819999999999942, 6.159999999999913, 5.019999999999937, 5.079999999999936]}}