{"statistics": {"successpercentage": [2.0, 8.0, 9.5, 22.0, 16.0, 21.5, 15.0, 30.0, 24.0, 36.0], "meanarrivaltime": [7.323889025529988, 11.534735597265556, 8.001528347733972, 3.852969144952763, 3.7989391453858437, 8.021213656209326, 6.150799794185053, 3.4460703543930524, 3.9474345283970185, 3.527529805777274], "minarrivaltime": [14.669999999999732, 6.6099999999999035, 7.69999999999988, 5.35999999999993, 5.619999999999925, 5.229999999999933, 5.1099999999999355, 5.219999999999933, 4.7799999999999425, 4.869999999999941]}}