{"statistics": {"successpercentage": [13.0, 15.0, 22.0, 26.5, 27.500000000000004, 30.0, 22.5, 38.0, 42.5, 42.5], "meanarrivaltime": [5.629606055182985, 4.177029923692933, 4.335001765403893, 3.909844473948363, 3.649541220502997, 3.5469761951327934, 4.35258334537212, 3.409542999772041, 3.3619195676982137, 2.7305153135564217], "minarrivaltime": [7.019999999999895, 9.62999999999984, 10.289999999999825, 8.569999999999862, 7.819999999999878, 7.72999999999988, 7.559999999999883, 7.6899999999998805, 6.989999999999895, 6.709999999999901]}}