{"statistics": {"successpercentage": [11.5, 17.0, 15.5, 27.0, 28.499999999999996, 28.999999999999996, 32.5, 28.499999999999996, 31.0, 29.5], "meanarrivaltime": [7.912916814063557, 5.561663929715881, 4.887206357550506, 3.2727795935718778, 5.031581671164825, 3.5167586545687413, 5.234321204255936, 4.877008389760715, 3.9763031459947404, 2.4090189670394193], "minarrivaltime": [9.169999999999849, 7.089999999999893, 6.7999999999998995, 6.719999999999901, 6.429999999999907, 6.669999999999902, 6.409999999999908, 6.499999999999906, 6.109999999999914, 6.389999999999908]}}