{"statistics": {"successpercentage": [7.5, 15.5, 17.5, 21.0, 26.0, 22.5, 24.0, 30.0, 30.0, 29.5], "meanarrivaltime": [7.329451079262325, 5.115459678513081, 5.502846506776238, 6.67248882596073, 5.022688149582407, 4.638651082829812, 5.120560278056148, 5.050544485886258, 3.6401691539883094, 3.3358828530244566], "minarrivaltime": [9.359999999999845, 7.579999999999883, 7.129999999999892, 7.319999999999888, 6.809999999999899, 6.709999999999901, 6.8899999999998975, 6.1899999999999125, 6.119999999999914, 6.059999999999915]}}