{"statistics": {"successpercentage": [3.0, 1.5, 7.000000000000001, 1.5, 3.0, 8.0, 22.0, 13.0, 18.5, 19.5], "meanarrivaltime": [3.8171447241590695, 3.4971633683053724, 3.532902934377805, 3.0934398999766817, 3.033193260622817, 2.9132468385802497, 3.297614268914863, 3.007091652540009, 3.282183211204007, 3.3601274528271707], "minarrivaltime": [16.269999999999744, 19.460000000000242, 13.729999999999752, 18.5400000000001, 17.299999999999905, 16.36999999999976, 11.269999999999804, 12.699999999999774, 9.669999999999838, 10.359999999999824]}}