{"statistics": {"successpercentage": [3.5000000000000004, 5.5, 7.5, 8.0, 12.5, 17.5, 14.499999999999998, 10.5, 14.499999999999998, 20.5], "meanarrivaltime": [6.184025106742913, 6.989655234553836, 5.04753882280653, 3.8923637243545453, 6.213946597665918, 7.17326820262754, 3.9191839222301903, 6.372352201173186, 6.599987728847396, 3.146650564909433], "minarrivaltime": [12.109999999999786, 12.619999999999775, 12.40999999999978, 14.379999999999738, 13.709999999999752, 11.139999999999807, 8.60999999999986, 7.399999999999887, 7.859999999999877, 6.479999999999906]}}