{"statistics": {"successpercentage": [9.0, 14.499999999999998, 11.0, 19.5, 30.0, 30.0, 8.0, 18.5, 30.5, 30.5], "meanarrivaltime": [4.431474351109289, 6.890255276232363, 6.517276316959208, 3.978681223301462, 4.307126292602157, 3.445375295498444, 6.48933344764273, 4.277042769510032, 4.416291109201216, 3.952358532511517], "minarrivaltime": [6.099999999999914, 6.839999999999899, 5.789999999999921, 5.599999999999925, 5.4399999999999284, 5.459999999999928, 5.629999999999924, 5.34999999999993, 5.339999999999931, 5.219999999999933]}}