{"statistics": {"successpercentage": [0.0, 0.0, 0.0, 0.0, 0.0, 0.0, 0.0, 0.0, 0.0, 0.5], "meanarrivaltime": [0, 0, 0, 0, 0, 0, 0, 0, 0, 1.7489119375762965], "minarrivaltime": [0, 0, 0, 0, 0, 0, 0, 0, 0, 19.870000000000307]}}