{"statistics": {"successpercentage": [15.0, 13.5, 24.0, 33.5, 36.5, 24.5, 34.0, 35.5, 40.0, 49.5], "meanarrivaltime": [4.871543530079778, 3.5517470607999266, 4.145968217438307, 4.282021284709333, 3.410502917787599, 4.18175604578627, 3.271256810543066, 4.12846254584335, 3.432363636295352, 2.6676269880317824], "minarrivaltime": [8.319999999999867, 13.069999999999766, 7.849999999999877, 7.22999999999989, 7.979999999999874, 7.209999999999891, 7.419999999999886, 7.4099999999998865, 7.279999999999889, 6.969999999999896]}}