{"statistics": {"successpercentage": [6.0, 3.5000000000000004, 4.0, 4.5, 10.0, 5.5, 9.5, 11.5, 10.0, 12.5], "meanarrivaltime": [3.715128130207123, 8.428839030331162, 3.3247206597456658, 6.3874486213500665, 4.805027719519502, 5.665663744472081, 5.872339764795121, 3.928203816509415, 6.540082154153663, 3.7637727115232957], "minarrivaltime": [7.379999999999887, 13.569999999999755, 13.989999999999746, 14.30999999999974, 8.359999999999866, 13.389999999999759, 6.499999999999906, 9.08999999999985, 11.609999999999797, 7.609999999999882]}}