{"statistics": {"successpercentage": [2.0, 8.0, 13.5, 5.5, 14.499999999999998, 13.0, 17.5, 17.0, 11.0, 19.5], "meanarrivaltime": [7.314304403994133, 4.565294192819219, 6.29763791826401, 5.059665107826256, 7.435280159833997, 7.022085174137529, 3.7094891741876843, 6.804576848356128, 5.673531804312188, 5.201306127003191], "minarrivaltime": [15.139999999999722, 6.30999999999991, 8.859999999999856, 12.549999999999777, 8.749999999999858, 12.089999999999787, 11.699999999999795, 13.479999999999757, 7.519999999999884, 12.609999999999776]}}