{"statistics": {"successpercentage": [13.5, 18.0, 19.0, 27.0, 28.999999999999996, 34.0, 35.0, 30.5, 21.0, 41.5], "meanarrivaltime": [5.23520143352444, 4.979330649253527, 6.099336418416651, 3.7896306217998057, 4.227369649836911, 3.4418872939792675, 3.9956315747958593, 4.465668526704278, 4.922368426339024, 3.097204525955303], "minarrivaltime": [7.589999999999883, 6.459999999999907, 7.339999999999888, 7.149999999999892, 6.719999999999901, 6.7599999999999, 6.129999999999914, 5.889999999999919, 6.30999999999991, 5.869999999999919]}}