{"statistics": {"successpercentage": [2.0, 4.0, 11.0, 13.5, 12.0, 11.0, 32.5, 19.5, 32.0, 27.500000000000004], "meanarrivaltime": [5.164768173450267, 6.5435149895970195, 8.209170334471361, 6.182481418367702, 5.589745274961605, 7.008908116834973, 4.1816706144770475, 6.90201336931729, 5.734960671587557, 4.3369880883952225], "minarrivaltime": [7.159999999999892, 10.009999999999831, 8.419999999999865, 6.269999999999911, 6.159999999999913, 6.019999999999916, 6.199999999999912, 7.569999999999883, 6.109999999999914, 6.209999999999912]}}