{"statistics": {"successpercentage": [12.5, 15.5, 10.5, 17.0, 25.0, 26.0, 32.5, 32.5, 19.0, 32.5], "meanarrivaltime": [4.744402979406499, 6.03729391971295, 4.223324455333544, 4.465419278313037, 3.6809138468567477, 4.317025001919139, 3.2602416061284947, 3.1809125425651064, 4.254026226185977, 2.8586694121653715], "minarrivaltime": [12.449999999999779, 12.239999999999783, 8.879999999999855, 12.999999999999767, 8.929999999999854, 8.089999999999872, 8.049999999999873, 7.679999999999881, 7.449999999999886, 7.339999999999888]}}