{"statistics": {"successpercentage": [7.000000000000001, 13.0, 13.0, 15.0, 22.0, 24.0, 22.5, 32.0, 31.0, 30.5], "meanarrivaltime": [12.318243151283552, 5.78843054460258, 6.417477873521507, 5.853844373813541, 4.671233490498938, 5.412585138809853, 10.0520044688586, 3.0821406140986776, 3.3676384786749365, 7.604191667828766], "minarrivaltime": [11.399999999999801, 6.119999999999914, 6.119999999999914, 5.289999999999932, 5.259999999999932, 5.499999999999927, 5.429999999999929, 4.949999999999939, 4.939999999999939, 5.319999999999931]}}