{"statistics": {"successpercentage": [9.0, 8.0, 13.5, 19.5, 22.5, 13.5, 28.000000000000004, 21.5, 30.0, 32.0], "meanarrivaltime": [5.7137322475588554, 4.8034049674657195, 8.50422675672671, 4.725921363000069, 4.86402250679275, 8.803178459168963, 4.219335142400242, 4.799943636576845, 5.27485569238695, 3.5375056591574117], "minarrivaltime": [5.779999999999921, 6.159999999999913, 6.379999999999908, 5.709999999999923, 5.329999999999931, 5.049999999999937, 5.169999999999934, 4.859999999999941, 5.399999999999929, 4.929999999999939]}}