{"statistics": {"successpercentage": [6.0, 11.0, 9.5, 13.0, 24.5, 26.0, 13.0, 27.500000000000004, 33.0, 25.5], "meanarrivaltime": [6.559570966746553, 8.080983985645524, 9.012382037827, 4.229480613578037, 5.5250248962964, 3.266066342376388, 6.058144992797794, 5.8411455117432745, 3.0923183843431112, 4.2070388590745], "minarrivaltime": [11.099999999999808, 6.669999999999902, 6.669999999999902, 7.9699999999998745, 6.059999999999915, 5.929999999999918, 8.539999999999862, 5.939999999999918, 6.219999999999912, 5.5299999999999265]}}