{"statistics": {"successpercentage": [1.0, 0.5, 3.5000000000000004, 4.0, 3.0, 9.5, 6.0, 3.5000000000000004, 16.0, 5.0], "meanarrivaltime": [4.491497412388968, 2.9995053261291846, 4.552379067225434, 4.210325677453265, 4.455512895778588, 4.365623342398403, 3.637273695478301, 4.570704599598263, 5.046930954928425, 4.690442177838486], "minarrivaltime": [17.19999999999989, 17.229999999999894, 13.639999999999754, 16.459999999999773, 16.859999999999836, 9.379999999999844, 11.409999999999801, 16.259999999999742, 8.67999999999986, 14.069999999999744]}}