{"statistics": {"successpercentage": [4.5, 15.5, 17.5, 13.0, 18.0, 12.5, 24.0, 27.0, 32.0, 26.0], "meanarrivaltime": [7.286995265342911, 5.685601523587492, 6.680096591323934, 7.126591969804606, 6.348635874654921, 4.353615339672791, 3.9774165761487645, 5.307553165585675, 4.102417869418178, 4.6076968524990205], "minarrivaltime": [10.729999999999816, 8.129999999999871, 11.789999999999793, 7.899999999999876, 8.559999999999862, 8.239999999999869, 6.669999999999902, 7.289999999999889, 7.119999999999893, 6.959999999999896]}}