{"statistics": {"successpercentage": [16.0, 13.0, 9.5, 21.5, 15.0, 25.5, 30.0, 32.0, 28.000000000000004, 22.0], "meanarrivaltime": [9.681463861170684, 6.7347103888190025, 5.624258711983688, 7.376795444316417, 8.046704407264555, 8.448674058883222, 3.4256420970732986, 4.381285776501007, 5.192331644666566, 4.698124568012969], "minarrivaltime": [6.7999999999998995, 6.1399999999999135, 5.889999999999919, 5.689999999999923, 10.159999999999828, 7.69999999999988, 5.4399999999999284, 5.649999999999924, 5.209999999999933, 4.87999999999994]}}