{"statistics": {"successpercentage": [0.0, 0.0, 0.0, 0.0, 0.0, 0.0, 0.0, 0.0, 0.0, 3.0], "meanarrivaltime": [0, 0, 0, 0, 0, 0, 0, 0, 0, 1.6726787016627105], "minarrivaltime": [0, 0, 0, 0, 0, 0, 0, 0, 0, 17.819999999999986]}}