{"statistics": {"successpercentage": [8.0, 18.0, 16.5, 21.5, 21.0, 28.000000000000004, 43.5, 34.0, 33.5, 20.5], "meanarrivaltime": [5.80356740125386, 5.355573426217628, 5.774997817497098, 4.0114043674276605, 5.496069292559795, 4.008478340190028, 4.355410382948931, 4.3824159014790744, 3.3577526422220396, 4.3694246975523665], "minarrivaltime": [7.439999999999886, 7.149999999999892, 9.389999999999844, 6.669999999999902, 6.29999999999991, 6.7699999999999, 6.28999999999991, 6.119999999999914, 6.549999999999905, 6.179999999999913]}}