{"statistics": {"successpercentage": [10.5, 11.5, 13.0, 16.0, 15.0, 20.0, 16.5, 32.0, 20.5, 16.0], "meanarrivaltime": [10.177089134233105, 5.169069406265111, 8.163076185976118, 4.379594280114987, 9.017244894404437, 8.53375014158917, 6.7712208691816045, 4.657188436100875, 5.952526880877292, 5.899314212665782], "minarrivaltime": [7.289999999999889, 5.889999999999919, 11.649999999999796, 5.939999999999918, 7.089999999999893, 5.429999999999929, 5.449999999999928, 5.769999999999921, 5.909999999999918, 5.319999999999931]}}