{"statistics": {"successpercentage": [9.5, 11.0, 18.5, 18.0, 14.000000000000002, 29.5, 21.5, 30.0, 38.0, 38.0], "meanarrivaltime": [7.703102917977316, 4.840988704786437, 4.05156349950899, 7.328489641913127, 8.668754253732477, 3.6147091754304475, 4.746553416685445, 4.433349028206564, 3.0855096877055694, 4.831040878627167], "minarrivaltime": [6.879999999999898, 6.629999999999903, 6.539999999999905, 5.949999999999918, 11.369999999999802, 5.749999999999922, 5.989999999999917, 5.979999999999917, 5.509999999999927, 5.769999999999921]}}