{"statistics": {"successpercentage": [2.0, 7.5, 16.0, 18.5, 26.5, 25.5, 20.5, 32.0, 39.0, 23.0], "meanarrivaltime": [4.738424170977732, 2.836665193450886, 3.0436521965596457, 3.677101438202279, 2.6208257177885104, 3.109843506653791, 3.7883837084003398, 2.924532661766711, 2.7215231224444696, 3.2105615375527803], "minarrivaltime": [18.36000000000007, 12.649999999999775, 14.409999999999737, 11.279999999999804, 11.89999999999979, 11.759999999999794, 12.189999999999785, 10.08999999999983, 9.919999999999833, 10.07999999999983]}}