{"statistics": {"successpercentage": [4.5, 11.0, 20.5, 14.000000000000002, 23.0, 24.5, 14.499999999999998, 27.500000000000004, 29.5, 33.5], "meanarrivaltime": [3.9011764728684195, 3.4015477628653383, 4.9383347594835, 4.520707119263636, 3.753546193995198, 4.865296100958243, 4.663398348478284, 4.533884181395863, 3.6002655482978136, 3.1659449460717126], "minarrivaltime": [9.069999999999851, 10.619999999999818, 8.68999999999986, 8.509999999999863, 7.659999999999881, 11.979999999999789, 9.519999999999841, 8.479999999999864, 8.089999999999872, 7.819999999999878]}}