{"statistics": {"successpercentage": [6.0, 8.0, 8.5, 13.5, 21.5, 28.000000000000004, 13.5, 28.999999999999996, 31.0, 34.0], "meanarrivaltime": [4.479947815358572, 4.999864620699228, 4.988153220339101, 6.136076652479552, 5.5968051450374725, 3.5232861594727214, 5.072908144145042, 4.544797765367916, 3.6984386864685104, 3.0192551526616], "minarrivaltime": [8.979999999999853, 8.909999999999854, 8.709999999999859, 12.86999999999977, 8.63999999999986, 8.419999999999865, 9.359999999999845, 7.459999999999885, 7.759999999999879, 8.019999999999873]}}