{"statistics": {"successpercentage": [13.0, 18.5, 15.5, 23.0, 22.0, 29.5, 28.000000000000004, 22.0, 34.5, 23.5], "meanarrivaltime": [5.215705460401041, 5.150970692461408, 5.650584516907737, 4.363103124551902, 4.671424902518797, 3.466383324868775, 3.3283319369031275, 4.761069327191827, 3.6399793207385627, 4.179442529090057], "minarrivaltime": [10.01999999999983, 8.999999999999853, 9.419999999999844, 12.119999999999786, 9.029999999999852, 8.119999999999871, 7.779999999999879, 7.739999999999879, 7.869999999999877, 7.469999999999885]}}