{"statistics": {"successpercentage": [9.0, 12.0, 14.000000000000002, 19.0, 22.0, 30.5, 22.0, 30.5, 30.0, 28.000000000000004], "meanarrivaltime": [4.771413807457198, 6.091944963989007, 6.447794593567992, 5.901355898442321, 3.509872537129715, 3.9511079322730227, 6.004139271190213, 4.019670735080233, 5.454665100762531, 3.5618088614944456], "minarrivaltime": [5.319999999999931, 5.84999999999992, 6.349999999999909, 5.479999999999928, 5.539999999999926, 5.399999999999929, 5.039999999999937, 5.089999999999936, 5.099999999999936, 4.849999999999941]}}