{"statistics": {"successpercentage": [16.5, 23.5, 20.0, 20.0, 23.5, 32.0, 25.0, 31.5, 37.0, 38.5], "meanarrivaltime": [5.581229277402319, 4.301401648415818, 3.7180925235872357, 3.4771846293446513, 4.036785847741897, 4.149778387377598, 4.540701442119663, 3.198413273661655, 4.844419955902472, 3.0314391738380717], "minarrivaltime": [7.149999999999892, 6.429999999999907, 8.339999999999867, 7.019999999999895, 6.9399999999998965, 6.879999999999898, 6.859999999999898, 6.599999999999904, 5.809999999999921, 6.239999999999911]}}