{"statistics": {"successpercentage": [7.5, 12.5, 23.5, 19.0, 19.0, 28.000000000000004, 22.5, 27.0, 38.5, 15.0], "meanarrivaltime": [4.430196164878925, 4.469888270697897, 4.405353603405956, 4.681566135018517, 5.482909451537762, 3.636784520531186, 3.6597243901580927, 4.455252120290037, 3.1669983688496774, 5.69176557720805], "minarrivaltime": [12.479999999999778, 7.479999999999885, 6.359999999999909, 11.999999999999789, 6.7899999999999, 10.55999999999982, 8.399999999999865, 6.259999999999911, 6.599999999999904, 10.01999999999983]}}