{"statistics": {"successpercentage": [0.0, 0.0, 0.0, 0.0, 0.0, 0.0, 0.0, 0.0, 0.5, 1.5], "meanarrivaltime": [0, 0, 0, 0, 0, 0, 0, 0, 1.6992006051997868, 1.782343617360759], "minarrivaltime": [0, 0, 0, 0, 0, 0, 0, 0, 19.410000000000235, 19.76000000000029]}}