{"statistics": {"successpercentage": [0.0, 0.0, 0.0, 0.0, 0.0, 0.0, 0.5, 0.0, 0.0, 1.5], "meanarrivaltime": [0, 0, 0, 0, 0, 0, 6.738197553744128, 0, 0, 6.016236096369351], "minarrivaltime": [0, 0, 0, 0, 0, 0, 19.590000000000263, 0, 0, 17.98000000000001]}}