{"statistics": {"successpercentage": [6.5, 4.5, 13.0, 16.0, 24.0, 21.0, 15.0, 24.0, 34.0, 28.499999999999996], "meanarrivaltime": [5.90902583411951, 10.524390932505275, 5.74403866776901, 4.158513373532781, 5.041362314605085, 3.90024319336751, 9.034956718121919, 7.312674771774568, 3.6802491381866123, 3.4557927322011976], "minarrivaltime": [8.339999999999867, 12.279999999999783, 6.099999999999914, 5.399999999999929, 5.619999999999925, 5.159999999999934, 5.089999999999936, 5.549999999999926, 5.229999999999933, 4.929999999999939]}}