{"statistics": {"successpercentage": [7.5, 17.0, 16.0, 21.0, 12.5, 25.5, 17.0, 12.5, 28.000000000000004, 26.5], "meanarrivaltime": [5.523535251113643, 7.572952120302345, 4.622690449541833, 4.6051462804089045, 6.702398854207902, 8.156375801063422, 8.63749632967596, 6.125196469284602, 6.844183064817381, 4.5283047963388725], "minarrivaltime": [6.119999999999914, 6.659999999999902, 5.399999999999929, 5.539999999999926, 5.899999999999919, 4.999999999999938, 6.209999999999912, 5.159999999999934, 4.939999999999939, 5.039999999999937]}}