{"statistics": {"successpercentage": [4.5, 8.5, 14.000000000000002, 21.0, 21.5, 27.0, 21.5, 26.0, 16.5, 25.5], "meanarrivaltime": [6.447124122548077, 8.237641303739956, 6.2795862554860085, 6.185807639793873, 4.889030551857209, 4.125677415824752, 7.367929712419731, 4.132033509623863, 5.92141894719854, 3.314704546575789], "minarrivaltime": [13.699999999999752, 7.269999999999889, 9.519999999999841, 12.86999999999977, 5.919999999999918, 6.1899999999999125, 7.159999999999892, 5.83999999999992, 6.159999999999913, 6.1899999999999125]}}