{"statistics": {"successpercentage": [7.5, 1.0, 14.499999999999998, 15.0, 20.5, 16.5, 31.5, 27.500000000000004, 29.5, 32.0], "meanarrivaltime": [4.118483537747388, 10.779264745365504, 6.060842593257961, 4.7597744770798665, 3.6960331136808287, 6.860545491791471, 3.615302799780473, 3.7537121061728578, 4.5517736853742115, 4.212877612507473], "minarrivaltime": [4.90999999999994, 12.039999999999788, 5.9999999999999165, 5.459999999999928, 5.309999999999931, 5.549999999999926, 4.87999999999994, 5.1099999999999355, 5.119999999999935, 5.049999999999937]}}