{"statistics": {"successpercentage": [2.5, 2.0, 10.0, 15.0, 14.000000000000002, 19.5, 26.0, 30.5, 32.0, 35.5], "meanarrivaltime": [4.214511950074, 4.4743246573988715, 3.563436038404199, 3.4452686655456812, 3.2005576760245935, 3.6936593592261615, 3.858842050909612, 3.3275003682185695, 2.7981672517872425, 2.7771428966160667], "minarrivaltime": [14.979999999999725, 17.669999999999963, 11.129999999999807, 13.549999999999756, 16.529999999999784, 13.929999999999747, 12.649999999999775, 10.449999999999822, 10.579999999999819, 9.859999999999834]}}