{"statistics": {"successpercentage": [6.0, 11.5, 12.5, 14.000000000000002, 18.0, 22.0, 22.0, 26.0, 12.5, 22.5], "meanarrivaltime": [11.880279317280838, 5.988187984537108, 5.146296416301613, 6.79964519864294, 4.719827956996936, 6.047771492097558, 6.425013872026741, 4.343578959813726, 8.494948472128668, 6.8401327149884965], "minarrivaltime": [12.829999999999771, 5.869999999999919, 5.549999999999926, 6.099999999999914, 6.239999999999911, 5.649999999999924, 9.729999999999837, 5.489999999999927, 5.129999999999935, 5.81999999999992]}}