{"statistics": {"successpercentage": [6.0, 10.5, 12.0, 17.0, 27.0, 15.0, 20.5, 23.5, 20.0, 23.0], "meanarrivaltime": [9.57777385985214, 10.59906469248105, 5.508680487539052, 4.450963443751692, 3.550694245016052, 7.287769790532462, 8.420199620708251, 7.344653029885063, 5.664242279033845, 4.448167672689978], "minarrivaltime": [9.409999999999844, 8.999999999999853, 6.219999999999912, 5.5299999999999265, 5.269999999999932, 5.729999999999922, 6.3299999999999095, 8.379999999999866, 5.809999999999921, 5.5299999999999265]}}