{"statistics": {"successpercentage": [8.5, 7.5, 15.0, 17.5, 15.0, 26.5, 26.5, 28.000000000000004, 21.5, 20.0], "meanarrivaltime": [5.457091042747261, 5.634356358249268, 4.818173261848236, 4.419362009762772, 4.33154751852031, 3.6357703602398055, 3.900157253394213, 3.7437703296990326, 5.599391186631156, 4.717208175271791], "minarrivaltime": [7.349999999999888, 14.24999999999974, 7.899999999999876, 7.939999999999875, 6.959999999999896, 6.699999999999902, 6.729999999999901, 6.349999999999909, 7.3599999999998875, 6.639999999999903]}}