{"statistics": {"successpercentage": [2.0, 2.0, 7.000000000000001, 12.5, 8.0, 16.5, 28.499999999999996, 19.5, 28.000000000000004, 26.0], "meanarrivaltime": [4.746582991471786, 4.217429622189555, 3.7061219096245863, 2.9050311446266175, 4.167505544392245, 3.5817250772518405, 3.221623992904492, 3.635892799911601, 2.8882489346550364, 3.026274612681326], "minarrivaltime": [17.489999999999934, 17.20999999999989, 12.589999999999776, 14.609999999999733, 15.359999999999717, 11.849999999999792, 11.339999999999803, 13.409999999999759, 10.619999999999818, 11.90999999999979]}}