{"statistics": {"successpercentage": [8.5, 6.0, 9.5, 12.5, 15.0, 18.0, 23.5, 21.0, 24.5, 32.0], "meanarrivaltime": [4.742646864962709, 7.327573721765728, 4.321636268543579, 5.175455111149065, 4.525045860704655, 4.270144237821163, 5.383160556256325, 3.4569248668506694, 3.0850972207837852, 3.272642114497456], "minarrivaltime": [7.749999999999879, 13.049999999999766, 7.619999999999882, 13.119999999999765, 7.459999999999885, 6.849999999999898, 7.2199999999998905, 7.139999999999892, 7.169999999999892, 6.679999999999902]}}