{"statistics": {"successpercentage": [12.0, 15.0, 21.0, 21.5, 22.5, 28.000000000000004, 18.5, 29.5, 31.5, 24.5], "meanarrivaltime": [4.974734972404964, 6.681699844612431, 4.6992619807621825, 5.134782754930432, 6.369139247098408, 5.366627789037595, 4.595007441156838, 2.9055714205347454, 5.1268674750308145, 4.553431898430814], "minarrivaltime": [7.819999999999878, 7.589999999999883, 7.209999999999891, 7.069999999999894, 8.21999999999987, 6.639999999999903, 6.519999999999905, 6.199999999999912, 6.519999999999905, 6.129999999999914]}}