{"statistics": {"successpercentage": [3.5000000000000004, 2.5, 11.0, 14.000000000000002, 12.0, 23.0, 17.0, 17.5, 20.0, 31.0], "meanarrivaltime": [10.854015121196895, 12.475454407918958, 10.838882911110234, 9.969981635759668, 8.479254127318736, 4.637059815836365, 6.269023838227401, 8.688697786299898, 6.077824460140118, 2.910030672672325], "minarrivaltime": [10.479999999999821, 13.449999999999758, 8.019999999999873, 6.739999999999901, 8.719999999999859, 5.269999999999932, 5.339999999999931, 9.60999999999984, 4.999999999999938, 4.989999999999938]}}