{"statistics": {"successpercentage": [10.0, 14.499999999999998, 13.5, 21.0, 30.0, 40.5, 32.5, 36.5, 32.5, 42.5], "meanarrivaltime": [6.872019165911449, 6.557622041288846, 5.942271084611513, 4.803341840224263, 3.4909026574730793, 3.7730287594986343, 3.628401237701111, 2.979514664101273, 3.8881173589390174, 2.9652904688308332], "minarrivaltime": [11.399999999999801, 6.29999999999991, 7.049999999999894, 7.179999999999891, 6.409999999999908, 6.489999999999906, 6.1899999999999125, 6.359999999999909, 6.059999999999915, 6.29999999999991]}}