{"statistics": {"successpercentage": [7.5, 8.0, 15.5, 12.0, 28.499999999999996, 17.0, 25.0, 20.5, 25.5, 18.0], "meanarrivaltime": [5.335456627149865, 6.832193322843298, 7.552409976073864, 8.210016803505058, 4.597168629084892, 6.236090107156365, 3.244263034013368, 5.999453938992362, 2.8310552552560155, 6.60933712089461], "minarrivaltime": [7.339999999999888, 13.479999999999757, 6.839999999999899, 7.389999999999887, 6.029999999999916, 10.619999999999818, 6.30999999999991, 5.929999999999918, 5.959999999999917, 6.509999999999906]}}