{"statistics": {"successpercentage": [14.499999999999998, 17.5, 24.0, 20.5, 28.499999999999996, 24.0, 31.5, 25.0, 32.0, 35.0], "meanarrivaltime": [4.729956031162032, 3.5354829301948127, 5.347859772163438, 4.392445052164012, 4.771524427651957, 5.060700566221082, 3.738429994425023, 4.416135832420829, 3.309176858770855, 2.494386918642748], "minarrivaltime": [9.12999999999985, 13.409999999999759, 8.139999999999871, 12.989999999999768, 7.8299999999998775, 9.459999999999843, 7.289999999999889, 7.949999999999875, 7.069999999999894, 7.5499999999998835]}}