{"statistics": {"successpercentage": [3.5000000000000004, 13.0, 7.5, 11.0, 13.0, 20.0, 26.0, 16.5, 16.5, 27.500000000000004], "meanarrivaltime": [10.656268613967447, 9.536914999755949, 6.090571634416109, 11.440662884701766, 5.0086901132503625, 7.495716685163169, 3.9409286650899067, 10.019854206809, 3.9671772440420505, 3.0448480967678906], "minarrivaltime": [12.109999999999786, 5.299999999999931, 6.219999999999912, 9.57999999999984, 5.589999999999925, 6.129999999999914, 5.899999999999919, 11.569999999999798, 5.649999999999924, 5.619999999999925]}}