{"statistics": {"successpercentage": [0.0, 0.0, 0.0, 0.0, 0.0, 0.0, 0.0, 0.0, 0.0, 1.0], "meanarrivaltime": [0, 0, 0, 0, 0, 0, 0, 0, 0, 1.6574741625196077], "minarrivaltime": [0, 0, 0, 0, 0, 0, 0, 0, 0, 19.100000000000186]}}