{"statistics": {"successpercentage": [12.5, 26.5, 16.0, 24.5, 19.5, 29.5, 35.5, 26.0, 17.5, 31.0], "meanarrivaltime": [6.571720209580261, 4.149982152529419, 6.076475630862386, 6.261495626385498, 5.262089167666587, 4.671604447552887, 5.299934696610527, 4.296816128848169, 5.443795900878091, 3.6329284795460546], "minarrivaltime": [6.559999999999905, 7.519999999999884, 6.7799999999999, 6.619999999999903, 6.31999999999991, 6.369999999999909, 6.599999999999904, 6.369999999999909, 6.269999999999911, 6.429999999999907]}}