{"statistics": {"successpercentage": [6.5, 10.0, 14.499999999999998, 23.5, 18.5, 34.0, 19.5, 31.0, 35.0, 38.0], "meanarrivaltime": [4.853578689291654, 5.880543723993149, 4.016087038021713, 4.68579204740263, 3.379592685226278, 3.8887935796068254, 4.640010575168734, 3.122745746888014, 4.112441942555259, 3.285732453941891], "minarrivaltime": [11.4399999999998, 13.699999999999752, 9.509999999999842, 8.789999999999857, 7.529999999999884, 7.759999999999879, 8.529999999999863, 7.679999999999881, 7.72999999999988, 7.659999999999881]}}