{"statistics": {"successpercentage": [0.5, 1.5, 0.5, 0.5, 4.0, 0.5, 1.5, 3.5000000000000004, 3.5000000000000004, 6.5], "meanarrivaltime": [2.2065747181088957, 2.3150497244909993, 4.431905585770939, 2.7120927736737577, 3.571842375121905, 2.5929747839690913, 3.7972779888359054, 2.945065080869686, 3.632788770054114, 2.9420935675099296], "minarrivaltime": [18.790000000000138, 17.879999999999995, 19.430000000000238, 19.550000000000257, 15.299999999999718, 19.680000000000277, 17.499999999999936, 18.5400000000001, 14.219999999999741, 11.789999999999793]}}