{"statistics": {"successpercentage": [9.5, 14.000000000000002, 19.0, 19.0, 22.0, 11.0, 30.0, 26.5, 34.0, 22.0], "meanarrivaltime": [6.681398547361927, 5.508205523194583, 8.10575348898657, 4.636396556040473, 8.955714995935196, 8.84760214835899, 3.4713547567025462, 5.65698512634916, 4.970407088843241, 7.503677282247671], "minarrivaltime": [5.969999999999917, 5.189999999999934, 5.34999999999993, 4.979999999999938, 5.459999999999928, 5.989999999999917, 5.629999999999924, 4.659999999999945, 5.069999999999936, 5.129999999999935]}}