{"statistics": {"successpercentage": [5.5, 15.0, 19.5, 21.5, 26.5, 32.5, 32.5, 30.0, 27.0, 37.5], "meanarrivaltime": [3.789736632640238, 3.770905197005159, 3.9174973195887413, 3.548020925076766, 3.20493113116759, 3.1179141900448624, 2.993974299766832, 3.166584874018362, 3.0376131304186567, 2.5288430867245983], "minarrivaltime": [13.179999999999763, 13.78999999999975, 13.489999999999757, 11.299999999999804, 10.729999999999816, 10.759999999999815, 9.789999999999836, 10.679999999999817, 9.839999999999835, 9.689999999999838]}}