{"statistics": {"successpercentage": [6.0, 14.000000000000002, 18.5, 22.5, 21.0, 30.5, 34.5, 37.0, 31.0, 33.0], "meanarrivaltime": [6.2109692739387015, 7.251319888178292, 4.536301597991089, 3.492064073418721, 6.309723403461062, 3.5708017597221082, 4.577582603677793, 3.8491517491036005, 4.0492306615050655, 4.087493273442628], "minarrivaltime": [6.419999999999908, 7.059999999999894, 8.359999999999866, 6.029999999999916, 6.739999999999901, 6.039999999999916, 6.059999999999915, 5.6699999999999235, 6.099999999999914, 5.599999999999925]}}