{"statistics": {"successpercentage": [2.0, 3.5000000000000004, 5.0, 14.000000000000002, 6.5, 12.5, 12.0, 19.5, 23.5, 19.0], "meanarrivaltime": [10.814044661830874, 3.786120922496272, 6.94908008822617, 4.899347416214408, 7.4070804916912705, 8.548001505919022, 9.10517894035999, 6.209359209353209, 3.63988877542071, 7.124922910376182], "minarrivaltime": [11.059999999999809, 5.749999999999922, 12.309999999999782, 6.029999999999916, 11.719999999999795, 6.539999999999905, 6.259999999999911, 5.619999999999925, 6.009999999999916, 6.029999999999916]}}