{"statistics": {"successpercentage": [6.0, 5.5, 12.5, 8.5, 8.0, 11.5, 17.0, 13.5, 12.5, 19.0], "meanarrivaltime": [9.076763193687901, 8.049861719937319, 4.405205456144601, 5.322993726329807, 4.506780259383002, 6.432391787838301, 9.11679236364719, 8.816951420917801, 7.852767465794231, 9.40942638377538], "minarrivaltime": [13.76999999999975, 11.4299999999998, 5.969999999999917, 6.539999999999905, 6.199999999999912, 5.709999999999923, 5.779999999999921, 7.299999999999889, 10.97999999999981, 6.019999999999916]}}