{"statistics": {"successpercentage": [3.0, 5.5, 3.5000000000000004, 6.5, 8.5, 9.5, 12.5, 14.499999999999998, 16.5, 16.0], "meanarrivaltime": [6.488149578440996, 6.295733036342747, 9.307087421597146, 9.295261755216707, 8.659623168339145, 5.242448254287697, 9.440776443304664, 8.56824220743557, 3.9144618238694333, 4.294785231549515], "minarrivaltime": [13.919999999999748, 12.949999999999768, 11.579999999999798, 9.949999999999832, 12.349999999999781, 6.129999999999914, 9.179999999999849, 10.469999999999821, 5.649999999999924, 6.399999999999908]}}