{"statistics": {"successpercentage": [9.0, 6.5, 7.5, 7.000000000000001, 11.5, 16.0, 17.0, 19.5, 18.5, 23.5], "meanarrivaltime": [4.137515110347752, 7.374398903015693, 5.509158358190949, 4.6881362989733635, 5.310967409693428, 5.408507549797148, 3.801363322755004, 6.977823973475877, 4.254845873199298, 4.165887463422545], "minarrivaltime": [7.519999999999884, 12.83999999999977, 7.8299999999998775, 7.939999999999875, 6.959999999999896, 6.409999999999908, 6.7499999999999005, 6.249999999999911, 6.259999999999911, 6.069999999999915]}}