{"statistics": {"successpercentage": [8.5, 9.5, 14.499999999999998, 22.5, 22.5, 22.0, 25.0, 17.0, 34.0, 27.0], "meanarrivaltime": [6.060634506785532, 5.924782267713222, 4.865120636463744, 3.825633478829291, 4.324679590601878, 4.56816867850421, 5.0408263118834915, 4.5779781894041225, 3.2742117121987753, 4.339185825338348], "minarrivaltime": [11.539999999999798, 12.129999999999786, 7.8299999999998775, 8.779999999999857, 8.349999999999866, 8.749999999999858, 9.14999999999985, 8.079999999999872, 8.099999999999872, 7.24999999999989]}}