{"statistics": {"successpercentage": [3.5000000000000004, 6.0, 8.5, 13.0, 19.0, 9.5, 24.0, 20.0, 27.0, 28.000000000000004], "meanarrivaltime": [7.707496711932534, 6.180550836539772, 7.431063856807172, 4.600111566318256, 4.639965154586309, 7.333126957259114, 4.360188500987724, 4.520140718377906, 6.588895479125255, 3.301423007606227], "minarrivaltime": [9.779999999999836, 6.599999999999904, 7.439999999999886, 5.629999999999924, 6.169999999999913, 11.999999999999789, 6.159999999999913, 6.359999999999909, 6.389999999999908, 5.959999999999917]}}