{"statistics": {"successpercentage": [6.0, 15.0, 9.0, 24.5, 21.5, 28.000000000000004, 24.5, 23.5, 19.0, 30.5], "meanarrivaltime": [11.145881453818795, 9.074917723136725, 9.503417445474954, 9.548187793155629, 6.032415631573267, 3.2852143663227262, 3.285079581809454, 4.22389132354962, 7.703928207824188, 3.4741416728997496], "minarrivaltime": [5.82999999999992, 5.659999999999924, 10.97999999999981, 5.5299999999999265, 5.339999999999931, 4.859999999999941, 5.139999999999935, 5.429999999999929, 5.269999999999932, 5.179999999999934]}}