{"statistics": {"successpercentage": [5.5, 12.0, 13.0, 20.0, 27.500000000000004, 23.5, 25.5, 17.5, 30.5, 28.499999999999996], "meanarrivaltime": [7.044909379889498, 5.597101080250773, 5.644639713917443, 4.496183284950386, 4.358141331434834, 5.435903654350854, 3.7232307732261694, 4.76563820500632, 4.13362342131069, 3.14218107161836], "minarrivaltime": [12.139999999999786, 9.479999999999842, 6.449999999999907, 6.369999999999909, 7.329999999999888, 7.199999999999891, 7.2199999999998905, 10.419999999999822, 6.549999999999905, 6.029999999999916]}}