{"statistics": {"successpercentage": [9.5, 18.0, 22.0, 39.0, 25.0, 35.0, 33.0, 30.0, 29.5, 28.499999999999996], "meanarrivaltime": [6.076392376753831, 3.7804575041452417, 4.121175973460766, 3.7015535278699097, 4.273378209508468, 3.345589659640426, 4.111692962374292, 3.458404352664862, 3.6023939871193718, 3.648676876370539], "minarrivaltime": [13.139999999999764, 8.749999999999858, 7.909999999999876, 7.959999999999875, 8.349999999999866, 7.389999999999887, 7.659999999999881, 7.749999999999879, 7.5499999999998835, 7.3599999999998875]}}