{"statistics": {"successpercentage": [6.5, 10.5, 14.000000000000002, 19.0, 22.5, 28.000000000000004, 23.5, 20.0, 35.0, 39.0], "meanarrivaltime": [5.058128036960182, 4.080640627569216, 5.197553157773597, 6.511744143714389, 3.6263832364567583, 4.595953687723295, 5.377186474425333, 6.035267914384505, 3.4186867133115513, 2.884714370838916], "minarrivaltime": [7.049999999999894, 6.179999999999913, 7.369999999999887, 6.439999999999907, 7.3599999999998875, 5.959999999999917, 6.429999999999907, 6.369999999999909, 5.699999999999923, 5.559999999999926]}}