{"statistics": {"successpercentage": [11.5, 8.0, 11.0, 17.5, 14.499999999999998, 21.0, 21.0, 17.0, 21.0, 20.5], "meanarrivaltime": [4.171045509790596, 4.976883252057771, 5.1976448314956345, 3.7955270779367742, 4.815405964430243, 4.611402896376369, 4.281323894070889, 4.798574313418104, 3.7994887914917554, 3.9758714052125943], "minarrivaltime": [9.259999999999847, 7.669999999999881, 14.489999999999736, 8.139999999999871, 8.529999999999863, 9.189999999999849, 9.199999999999848, 8.789999999999857, 7.739999999999879, 11.829999999999792]}}