{"statistics": {"successpercentage": [0.0, 0.0, 0.0, 0.0, 0.0, 0.0, 0.0, 0.0, 0.5, 0.0], "meanarrivaltime": [0, 0, 0, 0, 0, 0, 0, 0, 1.6679950113941313, 0], "minarrivaltime": [0, 0, 0, 0, 0, 0, 0, 0, 19.730000000000285, 0]}}