{"statistics": {"successpercentage": [0.0, 0.0, 0.0, 0.0, 0.0, 0.0, 0.0, 1.5, 0.5, 1.0], "meanarrivaltime": [0, 0, 0, 0, 0, 0, 0, 1.7061190709996008, 1.6789511831523556, 1.7038921287237208], "minarrivaltime": [0, 0, 0, 0, 0, 0, 0, 19.290000000000216, 19.080000000000183, 19.38000000000023]}}