{"statistics": {"successpercentage": [5.0, 1.0, 9.5, 13.0, 12.5, 16.0, 20.5, 23.5, 27.500000000000004, 16.0], "meanarrivaltime": [6.076527836004013, 3.6026948165419963, 6.582498824431263, 7.335865139621254, 4.634022331736768, 7.031210550654713, 3.0685593470483314, 3.6380162588749956, 4.192871884056868, 7.0139314150896395], "minarrivaltime": [12.84999999999977, 8.349999999999866, 6.679999999999902, 5.649999999999924, 6.1399999999999135, 5.9999999999999165, 10.599999999999818, 5.219999999999933, 5.139999999999935, 5.499999999999927]}}