{"statistics": {"successpercentage": [2.0, 0.5, 4.0, 9.5, 11.5, 26.0, 28.999999999999996, 23.5, 27.500000000000004, 32.5], "meanarrivaltime": [4.01741706311629, 3.868899687340933, 3.789340321265021, 4.204002602226871, 3.651062224800748, 3.420833218050007, 2.996176663393788, 3.072366477032208, 3.034827502606563, 2.9151920346831757], "minarrivaltime": [15.529999999999713, 16.989999999999856, 11.319999999999803, 13.229999999999762, 11.379999999999802, 12.039999999999788, 14.649999999999732, 10.829999999999814, 10.759999999999815, 10.319999999999824]}}