{"statistics": {"successpercentage": [0.0, 0.0, 0.0, 0.0, 0.0, 0.0, 0.0, 0.5, 0.0, 0.0], "meanarrivaltime": [0, 0, 0, 0, 0, 0, 0, 1.701156843828845, 0, 0], "minarrivaltime": [0, 0, 0, 0, 0, 0, 0, 19.220000000000205, 0, 0]}}