{"statistics": {"successpercentage": [12.0, 13.0, 10.0, 20.5, 26.5, 28.999999999999996, 28.999999999999996, 33.0, 26.0, 36.5], "meanarrivaltime": [5.134171391955896, 3.7647255297335787, 4.918132963655917, 5.17701830962491, 4.4076228529943675, 3.3607862525818475, 3.742079450765004, 3.0564660374319286, 4.1818960100832, 2.7852603466726893], "minarrivaltime": [9.049999999999851, 8.869999999999855, 10.149999999999828, 8.319999999999867, 7.949999999999875, 7.619999999999882, 8.19999999999987, 7.429999999999886, 8.529999999999863, 7.269999999999889]}}