{"statistics": {"successpercentage": [6.0, 7.5, 8.0, 11.5, 13.5, 15.0, 21.0, 17.5, 26.0, 16.0], "meanarrivaltime": [9.253928413305063, 10.33404388382911, 9.829079865987483, 9.070408027431528, 8.825331350278665, 7.30731342308623, 5.113315488489108, 3.736270880128877, 4.665978954145846, 7.340145617167675], "minarrivaltime": [12.799999999999772, 11.049999999999809, 11.739999999999794, 10.669999999999817, 9.969999999999832, 6.1399999999999135, 5.5799999999999255, 5.759999999999922, 5.2499999999999325, 5.5799999999999255]}}