{"statistics": {"successpercentage": [9.5, 11.5, 16.0, 22.5, 19.0, 21.5, 28.499999999999996, 26.0, 20.0, 42.0], "meanarrivaltime": [9.202667449036047, 4.774880954222465, 9.497305629695846, 5.0196084280324405, 5.8416949906457685, 3.6918438051057723, 4.172821184936357, 6.055771843050459, 6.470892019578533, 3.3652321678235517], "minarrivaltime": [12.39999999999978, 5.8599999999999195, 5.84999999999992, 5.679999999999923, 5.769999999999921, 5.489999999999927, 5.489999999999927, 5.619999999999925, 5.35999999999993, 5.069999999999936]}}