{"statistics": {"successpercentage": [0.0, 0.0, 0.0, 0.0, 0.0, 0.0, 0.0, 0.5, 5.5, 0.5], "meanarrivaltime": [0, 0, 0, 0, 0, 0, 0, 1.7180195860153384, 1.6937008449839175, 1.7558949159751387], "minarrivaltime": [0, 0, 0, 0, 0, 0, 0, 19.550000000000257, 18.700000000000124, 19.90000000000031]}}