{"statistics": {"successpercentage": [4.0, 3.0, 7.000000000000001, 18.5, 18.0, 15.5, 13.0, 24.5, 26.0, 22.5], "meanarrivaltime": [5.895375374121599, 8.185138151881702, 7.652352971926429, 5.588963392875571, 4.8302476323363885, 5.7179404355906565, 8.128189029618342, 4.2959734686697795, 5.634517047859197, 6.208653217798152], "minarrivaltime": [9.449999999999843, 13.419999999999758, 6.389999999999908, 11.059999999999809, 5.309999999999931, 5.84999999999992, 5.629999999999924, 5.299999999999931, 6.219999999999912, 5.709999999999923]}}