{"statistics": {"successpercentage": [6.0, 9.5, 17.5, 13.5, 14.000000000000002, 25.0, 36.0, 23.5, 31.5, 18.5], "meanarrivaltime": [8.163997890327582, 4.688062869577532, 7.241362342022883, 7.042681316568191, 6.29468075946841, 4.578710324645986, 4.198682866892864, 5.655494029153133, 3.96805040713158, 6.0798335843955025], "minarrivaltime": [7.869999999999877, 6.479999999999906, 8.539999999999862, 6.909999999999897, 6.449999999999907, 5.5799999999999255, 5.739999999999922, 6.209999999999912, 5.519999999999927, 6.579999999999904]}}