{"statistics": {"successpercentage": [6.5, 12.5, 18.0, 18.5, 28.000000000000004, 24.0, 32.5, 23.0, 28.499999999999996, 28.499999999999996], "meanarrivaltime": [4.276185621125332, 5.789431890188023, 4.400470946031915, 5.19606465236058, 3.124725558395346, 3.5454416930718, 3.3221127572673583, 3.037595758655343, 3.722968815599948, 4.097192980275378], "minarrivaltime": [9.429999999999843, 9.289999999999846, 9.459999999999843, 8.909999999999854, 7.979999999999874, 7.789999999999878, 7.439999999999886, 7.4099999999998865, 7.869999999999877, 7.629999999999882]}}