{"statistics": {"successpercentage": [7.000000000000001, 11.5, 10.0, 12.0, 17.0, 23.0, 18.5, 16.0, 28.499999999999996, 17.5], "meanarrivaltime": [4.426596678167926, 7.010324310510305, 6.360122398560053, 4.22868750057835, 7.1750142919065425, 6.244419748684898, 4.685254968014742, 5.050718624952723, 3.6757104174178763, 4.773256828258554], "minarrivaltime": [7.139999999999892, 8.539999999999862, 8.559999999999862, 7.389999999999887, 12.579999999999776, 6.7699999999999, 6.689999999999902, 6.9399999999998965, 6.7799999999999, 6.829999999999899]}}