{"statistics": {"successpercentage": [11.0, 14.499999999999998, 18.5, 23.0, 30.0, 33.5, 19.5, 38.5, 38.5, 32.5], "meanarrivaltime": [5.572760577267506, 6.11475577088668, 4.601120752944044, 5.092495274401506, 3.861396589909069, 3.467778828452944, 4.348433452236039, 3.323634597492159, 2.9388825561196152, 3.109748701016174], "minarrivaltime": [9.719999999999837, 9.689999999999838, 8.769999999999857, 9.199999999999848, 8.14999999999987, 7.999999999999874, 8.109999999999872, 7.749999999999879, 7.579999999999883, 7.71999999999988]}}