{"statistics": {"successpercentage": [0.5, 4.0, 7.000000000000001, 9.5, 15.5, 12.0, 14.499999999999998, 12.5, 14.000000000000002, 21.0], "meanarrivaltime": [5.613164605848515, 5.7706042703901, 5.902187517860987, 11.798498179879028, 6.361317836146944, 10.816138152981685, 4.597261628734426, 5.927331235139534, 8.832310019101927, 4.396097913921182], "minarrivaltime": [8.18999999999987, 7.619999999999882, 8.14999999999987, 7.369999999999887, 5.689999999999923, 10.06999999999983, 5.569999999999926, 5.629999999999924, 5.769999999999921, 5.419999999999929]}}