{"statistics": {"successpercentage": [7.5, 19.5, 13.0, 17.0, 27.500000000000004, 22.0, 25.5, 21.5, 31.5, 35.5], "meanarrivaltime": [5.012311091120918, 4.729045449306428, 3.551117950889789, 5.1494653870157485, 4.291296843784234, 5.186206798365039, 3.129056130133003, 3.8543248449476675, 2.8755816140478623, 3.0945308917414045], "minarrivaltime": [12.109999999999786, 9.689999999999838, 13.199999999999763, 9.969999999999832, 8.469999999999864, 8.129999999999871, 7.6399999999998816, 6.959999999999896, 7.449999999999886, 7.69999999999988]}}