{"statistics": {"successpercentage": [8.5, 12.5, 10.5, 17.0, 20.0, 15.5, 24.0, 28.999999999999996, 18.5, 33.5], "meanarrivaltime": [5.509065883428489, 8.656735209645143, 8.26960546035593, 4.9311625248918505, 6.8327117499212076, 7.619665276180289, 4.294659503243344, 3.6919061273661113, 5.991790718261903, 3.5883876601494427], "minarrivaltime": [7.389999999999887, 9.019999999999852, 6.559999999999905, 6.579999999999904, 5.919999999999918, 6.629999999999903, 5.909999999999918, 5.9999999999999165, 6.109999999999914, 5.729999999999922]}}