{"statistics": {"successpercentage": [6.0, 4.5, 10.0, 14.499999999999998, 22.5, 23.5, 26.0, 25.0, 29.5, 28.499999999999996], "meanarrivaltime": [4.064992156252705, 4.366022553285964, 4.2252339978529, 4.147898007578169, 3.605862541901521, 3.425709886539154, 3.648375032461605, 3.5338026001840217, 3.409795467285608, 3.4033029013114677], "minarrivaltime": [12.009999999999788, 17.249999999999897, 13.34999999999976, 13.609999999999754, 11.829999999999792, 11.229999999999805, 12.579999999999776, 11.4899999999998, 9.899999999999833, 11.719999999999795]}}