{"statistics": {"successpercentage": [6.0, 13.0, 14.499999999999998, 15.5, 20.0, 19.5, 31.0, 30.5, 20.5, 31.5], "meanarrivaltime": [8.693461956483022, 6.525258150925222, 7.549672016948273, 6.06491245938905, 4.456610520734964, 5.718289648576851, 3.9523175470462952, 4.018237005004118, 4.006526814492302, 5.052266346957609], "minarrivaltime": [7.9699999999998745, 6.419999999999908, 7.449999999999886, 6.689999999999902, 5.779999999999921, 6.0499999999999154, 5.83999999999992, 6.129999999999914, 5.469999999999928, 5.659999999999924]}}