{"statistics": {"successpercentage": [2.0, 11.5, 27.0, 19.0, 31.5, 30.0, 29.5, 25.0, 26.0, 31.5], "meanarrivaltime": [4.552491949607544, 3.471121467257416, 3.3903579549961647, 3.780638087632353, 3.6418216436130595, 3.304262275934443, 3.347382483453612, 3.0605831221054687, 3.0491687652621184, 2.825529772811048], "minarrivaltime": [18.470000000000088, 14.029999999999745, 11.399999999999801, 13.539999999999756, 12.539999999999777, 10.459999999999821, 11.179999999999806, 9.799999999999836, 9.259999999999847, 9.449999999999843]}}