{"statistics": {"successpercentage": [1.5, 6.5, 7.000000000000001, 11.0, 15.5, 21.0, 18.0, 25.5, 26.0, 17.0], "meanarrivaltime": [2.607606945355855, 9.974936860292782, 6.338615954735991, 6.4943432653868935, 7.33982002657859, 5.233527752190351, 8.232948938753019, 9.993942937004093, 5.147973868351249, 6.2566758219768035], "minarrivaltime": [7.6899999999998805, 11.789999999999793, 5.119999999999935, 5.299999999999931, 5.619999999999925, 5.6699999999999235, 5.329999999999931, 8.949999999999854, 5.169999999999934, 5.809999999999921]}}