{"statistics": {"successpercentage": [8.0, 7.5, 9.5, 15.0, 18.5, 25.5, 19.0, 30.0, 23.5, 28.999999999999996], "meanarrivaltime": [5.5702749119271004, 7.672556987847233, 4.315773064233504, 7.627545067936879, 7.467153750470553, 4.312103823513981, 4.048092407935628, 3.5341925494088597, 6.001821532258375, 2.922806593488776], "minarrivaltime": [5.759999999999922, 5.599999999999925, 5.639999999999924, 6.339999999999909, 4.9199999999999395, 5.0599999999999365, 5.149999999999935, 5.279999999999932, 5.039999999999937, 5.149999999999935]}}