{"statistics": {"successpercentage": [14.000000000000002, 10.5, 25.0, 25.0, 37.5, 28.499999999999996, 44.0, 38.5, 29.5, 43.5], "meanarrivaltime": [6.1246729331885295, 5.204095132132213, 5.022193042775818, 6.027618633925295, 3.6884157793083183, 4.090534162538488, 3.679691570955175, 3.878459560304576, 5.331190115390822, 3.389243304676732], "minarrivaltime": [8.61999999999986, 7.629999999999882, 7.129999999999892, 6.689999999999902, 6.709999999999901, 6.579999999999904, 6.31999999999991, 6.449999999999907, 6.30999999999991, 5.989999999999917]}}