{"statistics": {"successpercentage": [2.5, 2.0, 10.5, 12.0, 9.0, 18.5, 16.0, 21.0, 17.5, 21.5], "meanarrivaltime": [2.8376490356599304, 7.5805126118322494, 3.9516400874829483, 3.5566837343568665, 4.19049241943845, 5.402005600274442, 4.539688659999096, 3.4811257965800424, 3.9896563729958117, 4.170687996721836], "minarrivaltime": [13.34999999999976, 14.29999999999974, 13.119999999999765, 7.669999999999881, 6.9399999999998965, 8.829999999999856, 7.399999999999887, 7.199999999999891, 6.909999999999897, 7.039999999999894]}}