{"statistics": {"successpercentage": [9.0, 9.0, 7.5, 13.0, 27.0, 25.5, 28.000000000000004, 22.0, 28.000000000000004, 36.0], "meanarrivaltime": [7.2069153101469725, 5.710165228499214, 5.577171878419149, 5.097871246002994, 4.326181240750889, 3.3235004099107317, 3.878308446687844, 5.3320855491347166, 5.012451608102482, 5.113573411028548], "minarrivaltime": [12.489999999999778, 7.579999999999883, 11.649999999999796, 7.329999999999888, 7.319999999999888, 6.899999999999897, 7.349999999999888, 6.549999999999905, 5.989999999999917, 6.479999999999906]}}