{"statistics": {"successpercentage": [12.5, 15.5, 13.0, 19.0, 19.0, 27.500000000000004, 18.5, 34.5, 33.5, 28.999999999999996], "meanarrivaltime": [6.528407886394873, 6.862725546099803, 4.5725219872128315, 5.397415808599523, 5.142222258223834, 3.49545607262361, 5.079325354353838, 3.49455777860833, 3.7814532087078305, 3.640739648046423], "minarrivaltime": [6.689999999999902, 12.349999999999781, 7.71999999999988, 6.8899999999998975, 8.469999999999864, 6.369999999999909, 6.839999999999899, 6.499999999999906, 6.569999999999904, 6.629999999999903]}}