{"statistics": {"successpercentage": [4.5, 11.5, 13.5, 15.0, 18.5, 31.5, 19.0, 25.5, 34.0, 39.5], "meanarrivaltime": [5.666278927916857, 5.543114617045824, 3.8137707946221377, 5.12071308148604, 3.4148363095590115, 3.6710375298681175, 5.564668582668506, 5.11578689826971, 3.3210585130786057, 3.635720810447092], "minarrivaltime": [8.229999999999869, 12.929999999999769, 8.459999999999864, 9.13999999999985, 7.629999999999882, 7.129999999999892, 7.849999999999877, 6.619999999999903, 6.569999999999904, 6.29999999999991]}}