{"statistics": {"successpercentage": [1.0, 9.5, 7.000000000000001, 10.0, 15.0, 18.5, 28.000000000000004, 24.0, 30.0, 28.499999999999996], "meanarrivaltime": [2.5658766529115207, 3.5981859127511306, 4.2425495155178305, 3.8548302323867722, 3.716441614265209, 3.4706692777719836, 2.937169870838844, 3.0879745147374282, 3.11380160110019, 2.8638947427822115], "minarrivaltime": [17.669999999999963, 13.089999999999765, 16.10999999999972, 15.429999999999715, 11.759999999999794, 12.629999999999775, 11.799999999999793, 11.529999999999799, 10.629999999999818, 10.889999999999812]}}