{"statistics": {"successpercentage": [0.0, 0.0, 0.0, 0.0, 0.0, 0.0, 0.0, 0.0, 3.0, 2.5], "meanarrivaltime": [0, 0, 0, 0, 0, 0, 0, 0, 1.6714003310917063, 1.674331341048914], "minarrivaltime": [0, 0, 0, 0, 0, 0, 0, 0, 19.06000000000018, 18.67000000000012]}}