{"statistics": {"successpercentage": [6.5, 13.0, 10.5, 10.0, 20.0, 20.5, 17.0, 28.499999999999996, 30.0, 29.5], "meanarrivaltime": [9.901341170525662, 8.960655834820356, 6.182598316342334, 9.364125677728872, 5.700347941173172, 4.473614650194841, 8.279423648641231, 3.6871764876915942, 4.764951690515657, 3.7460909351451295], "minarrivaltime": [7.759999999999879, 6.859999999999898, 6.149999999999913, 9.999999999999831, 5.599999999999925, 6.109999999999914, 11.119999999999807, 5.319999999999931, 5.799999999999921, 5.699999999999923]}}