{"statistics": {"successpercentage": [3.0, 6.0, 5.0, 14.499999999999998, 8.0, 15.5, 16.0, 28.499999999999996, 25.5, 23.0], "meanarrivaltime": [8.75459762761801, 8.409792722239922, 6.069965966823632, 5.194471724106773, 6.2343351860947696, 7.190929733896905, 6.280824540796426, 3.7317956090661566, 3.384910222055584, 3.648704814307674], "minarrivaltime": [14.169999999999742, 14.219999999999741, 12.989999999999768, 8.819999999999856, 6.829999999999899, 7.489999999999885, 7.429999999999886, 6.389999999999908, 6.599999999999904, 6.849999999999898]}}