{"statistics": {"successpercentage": [4.5, 4.0, 18.5, 14.499999999999998, 19.0, 18.5, 28.499999999999996, 24.0, 17.5, 25.0], "meanarrivaltime": [6.064636356239977, 4.5535345063999735, 5.045468358337753, 4.841384475619045, 4.577785427144076, 4.762207464152826, 3.927680780274472, 3.938312482117342, 4.043243534817894, 3.365813942018883], "minarrivaltime": [11.079999999999808, 9.15999999999985, 8.559999999999862, 12.699999999999774, 8.799999999999857, 13.489999999999757, 8.269999999999868, 8.279999999999868, 8.17999999999987, 7.749999999999879]}}