{"statistics": {"successpercentage": [9.5, 8.0, 8.5, 12.0, 26.0, 23.0, 31.0, 23.5, 32.0, 35.5], "meanarrivaltime": [5.5433796162529525, 4.17774843086074, 8.564939636447997, 8.622713585780412, 3.9466577526300357, 5.380167639934539, 3.9715611312375025, 3.446612554390801, 7.102604565886745, 3.0166324312468493], "minarrivaltime": [5.82999999999992, 5.949999999999918, 5.909999999999918, 5.339999999999931, 5.5799999999999255, 5.169999999999934, 5.289999999999932, 5.099999999999936, 5.36999999999993, 5.209999999999933]}}