{"statistics": {"successpercentage": [8.5, 11.5, 15.5, 21.5, 24.0, 20.5, 20.0, 22.5, 19.5, 40.5], "meanarrivaltime": [6.1415642034039495, 5.165398599660552, 4.413774916869775, 5.313865816300577, 3.722527501533257, 4.877535506849342, 5.048173172537508, 4.293490000123548, 3.739978240467667, 2.9154436940867092], "minarrivaltime": [8.919999999999854, 9.719999999999837, 14.31999999999974, 13.489999999999757, 9.13999999999985, 9.15999999999985, 7.889999999999876, 9.489999999999842, 7.099999999999893, 7.619999999999882]}}