{"statistics": {"successpercentage": [1.5, 9.5, 8.5, 21.5, 23.0, 21.0, 30.5, 38.5, 31.0, 42.0], "meanarrivaltime": [3.7565690209148346, 3.52495165422302, 3.8943961305611565, 3.7939129866903496, 3.696919734899457, 3.1106179822760747, 2.970605585708922, 2.794837887796797, 3.2039513694521786, 2.505416534955713], "minarrivaltime": [14.76999999999973, 14.359999999999738, 11.889999999999791, 11.4399999999998, 11.859999999999792, 9.56999999999984, 9.679999999999838, 10.009999999999831, 9.029999999999852, 9.269999999999847]}}