{"statistics": {"successpercentage": [8.5, 17.5, 19.0, 21.5, 29.5, 30.5, 27.500000000000004, 37.0, 27.0, 35.0], "meanarrivaltime": [5.7964455854577475, 5.360909147481036, 7.070914408950072, 4.648019040618598, 3.904693048407081, 3.5032762314705392, 3.7838854540987077, 3.0716632362746843, 5.278303987825085, 4.323408492735083], "minarrivaltime": [6.7499999999999005, 6.489999999999906, 6.089999999999915, 6.509999999999906, 6.229999999999912, 5.969999999999917, 5.84999999999992, 5.5299999999999265, 5.459999999999928, 5.779999999999921]}}