{"statistics": {"successpercentage": [6.5, 11.0, 12.5, 22.0, 18.0, 24.0, 14.499999999999998, 8.5, 30.5, 33.5], "meanarrivaltime": [7.670026798280786, 11.269561456235937, 4.740556546647855, 4.223425427312287, 4.273608477499436, 4.853376382963432, 6.9994430544549004, 7.716868704744829, 5.7244134583109005, 3.3777909601632157], "minarrivaltime": [7.059999999999894, 6.089999999999915, 5.509999999999927, 5.269999999999932, 5.209999999999933, 4.979999999999938, 5.479999999999928, 9.259999999999847, 5.119999999999935, 4.859999999999941]}}