{"statistics": {"successpercentage": [13.0, 15.5, 19.0, 11.5, 13.0, 30.0, 28.999999999999996, 17.0, 23.0, 31.5], "meanarrivaltime": [6.561174767740001, 7.129837694259703, 4.534039367554965, 6.53794956642161, 7.028492029143309, 3.257096482285728, 2.916865362957863, 3.640125239396397, 4.756575242884888, 2.925574681920911], "minarrivaltime": [9.189999999999849, 8.65999999999986, 7.70999999999988, 9.11999999999985, 8.029999999999873, 7.349999999999888, 7.349999999999888, 6.559999999999905, 6.259999999999911, 6.819999999999899]}}