{"statistics": {"successpercentage": [7.000000000000001, 5.0, 17.0, 13.5, 25.5, 15.5, 32.5, 28.000000000000004, 20.0, 29.5], "meanarrivaltime": [6.938695486990936, 6.31936746434941, 6.3772012053587455, 8.789805851102034, 5.432555711297416, 9.245292806984288, 3.985124873655342, 3.3438474052350196, 4.955566402858525, 3.5685243232107506], "minarrivaltime": [7.809999999999878, 10.679999999999817, 6.039999999999916, 7.4999999999998845, 5.569999999999926, 6.9399999999998965, 5.629999999999924, 5.499999999999927, 5.759999999999922, 5.5799999999999255]}}