{"statistics": {"successpercentage": [7.000000000000001, 9.0, 15.5, 16.5, 22.5, 33.5, 28.999999999999996, 28.000000000000004, 28.999999999999996, 32.0], "meanarrivaltime": [4.968618197037712, 5.244192584211612, 4.495810949395371, 5.419672574720978, 4.655709480491992, 3.6277790784162622, 4.155788690679636, 4.201233487936063, 3.7479557555642917, 2.428796727349142], "minarrivaltime": [9.949999999999832, 8.899999999999855, 8.849999999999856, 10.51999999999982, 11.4799999999998, 7.6899999999998805, 8.15999999999987, 8.289999999999868, 7.569999999999883, 7.149999999999892]}}