{"statistics": {"successpercentage": [3.0, 16.0, 14.499999999999998, 13.5, 16.5, 33.0, 26.5, 30.5, 26.0, 30.5], "meanarrivaltime": [5.695741752417998, 4.929704088555439, 6.056660233870239, 6.320941676103864, 6.301437843314936, 4.253502634843587, 5.854951482400098, 5.366235188270965, 4.276596838599275, 3.204389197400521], "minarrivaltime": [13.569999999999755, 6.739999999999901, 7.869999999999877, 7.159999999999892, 7.4999999999998845, 7.099999999999893, 6.7699999999999, 6.7799999999999, 6.949999999999896, 5.889999999999919]}}