{"statistics": {"successpercentage": [5.0, 5.0, 14.000000000000002, 12.0, 18.0, 34.5, 36.0, 28.000000000000004, 19.0, 40.0], "meanarrivaltime": [4.437929330418157, 3.627855300119009, 4.198242882752098, 2.9947299862450767, 3.2893933525566728, 3.3375887531910564, 3.459774010090155, 2.995540065287828, 3.1105224080279017, 2.602525716851593], "minarrivaltime": [16.69999999999981, 12.90999999999977, 12.86999999999977, 11.629999999999797, 11.599999999999797, 10.409999999999823, 11.089999999999808, 11.399999999999801, 10.05999999999983, 10.459999999999821]}}