{"statistics": {"successpercentage": [3.5000000000000004, 4.0, 10.0, 10.5, 18.0, 15.0, 17.0, 30.5, 26.5, 31.5], "meanarrivaltime": [3.1642421883442755, 4.151684397007963, 3.331184559871981, 4.155133832813087, 3.5064765381787426, 3.9145434700653308, 3.8911067478201686, 3.121239565222883, 3.282167796692077, 2.6965044031072782], "minarrivaltime": [12.669999999999774, 13.069999999999766, 11.89999999999979, 15.609999999999712, 12.279999999999783, 14.859999999999728, 12.619999999999775, 11.229999999999805, 9.709999999999837, 10.219999999999827]}}