{"statistics": {"successpercentage": [11.5, 17.5, 22.0, 26.5, 17.5, 32.5, 24.0, 31.5, 16.0, 13.5], "meanarrivaltime": [5.124004067684159, 5.559746006955451, 4.535291991428811, 3.8619798021701164, 7.1506526360206495, 5.658408907435646, 10.14323272223894, 4.471582666804449, 4.388627758909673, 8.071525599407545], "minarrivaltime": [6.109999999999914, 4.90999999999994, 5.149999999999935, 5.34999999999993, 5.619999999999925, 5.009999999999938, 5.5299999999999265, 5.209999999999933, 4.87999999999994, 5.409999999999929]}}