{"statistics": {"successpercentage": [3.0, 11.0, 6.5, 9.5, 10.5, 15.0, 13.5, 15.5, 20.5, 23.5], "meanarrivaltime": [4.652280481098137, 5.2830027699821045, 4.484281672035459, 5.909983686477965, 7.437853700400589, 4.347911622813111, 6.7905251711253545, 6.731877968727129, 7.669997606023635, 8.100913545811542], "minarrivaltime": [6.719999999999901, 6.339999999999909, 11.90999999999979, 10.729999999999816, 10.589999999999819, 5.599999999999925, 5.81999999999992, 6.179999999999913, 7.269999999999889, 10.54999999999982]}}