{"statistics": {"successpercentage": [4.0, 9.5, 11.5, 17.0, 21.0, 22.5, 25.0, 24.0, 32.0, 23.0], "meanarrivaltime": [7.011687936227117, 6.532033941561967, 4.92201600542969, 4.085884341496741, 4.62696799457931, 3.503578124255803, 4.20433147386496, 3.187181458923255, 3.689183174977736, 4.207920706304093], "minarrivaltime": [14.009999999999746, 8.61999999999986, 6.969999999999896, 6.639999999999903, 6.819999999999899, 6.149999999999913, 5.879999999999919, 6.509999999999906, 6.099999999999914, 5.789999999999921]}}