{"statistics": {"successpercentage": [6.0, 9.0, 13.0, 20.5, 17.0, 15.5, 30.5, 23.0, 23.5, 34.0], "meanarrivaltime": [5.603505070799412, 6.851964211056368, 4.792242929077779, 4.233762351893879, 5.751822334132626, 4.485759153210599, 4.094511970965285, 3.8708248463034054, 3.1620819514087066, 3.8210315479025203], "minarrivaltime": [10.289999999999825, 8.719999999999859, 7.899999999999876, 7.369999999999887, 7.859999999999877, 7.0799999999998935, 6.929999999999897, 6.589999999999904, 6.689999999999902, 6.7699999999999]}}