{"statistics": {"successpercentage": [1.5, 5.0, 10.0, 7.000000000000001, 27.500000000000004, 28.499999999999996, 24.0, 36.0, 27.0, 28.000000000000004], "meanarrivaltime": [3.337681667783897, 4.434885851507529, 4.240398469844165, 3.1466397422537455, 3.709342283976749, 2.8986693155967194, 3.5872212730603894, 3.0935855204298237, 3.457894844399882, 3.0505401903917], "minarrivaltime": [18.5600000000001, 16.029999999999706, 13.249999999999762, 12.629999999999775, 11.139999999999807, 11.559999999999798, 13.82999999999975, 9.309999999999846, 9.849999999999834, 10.009999999999831]}}