{"statistics": {"successpercentage": [6.0, 21.0, 18.0, 25.5, 23.5, 30.0, 35.0, 24.0, 30.0, 34.5], "meanarrivaltime": [4.773146337012503, 6.2576191704566115, 6.489616407089214, 5.645713857922898, 5.842297937215613, 3.69375705823344, 3.397175673800008, 4.957267439547098, 4.741964293815917, 3.058501053403225], "minarrivaltime": [8.719999999999859, 7.059999999999894, 9.789999999999836, 6.739999999999901, 6.129999999999914, 6.439999999999907, 6.30999999999991, 6.359999999999909, 6.6099999999999035, 5.909999999999918]}}