{"statistics": {"successpercentage": [12.5, 15.0, 16.5, 17.5, 22.0, 17.0, 26.5, 30.5, 33.5, 28.499999999999996], "meanarrivaltime": [5.644570226558451, 5.931537368834473, 4.873294213821291, 5.7510953805772695, 6.04810324998051, 4.426895682351715, 3.802564567328431, 4.402757368086075, 2.724947303689947, 4.7006268007521745], "minarrivaltime": [8.289999999999868, 8.109999999999872, 7.649999999999881, 7.099999999999893, 6.909999999999897, 6.569999999999904, 6.569999999999904, 6.539999999999905, 6.359999999999909, 6.539999999999905]}}