{"statistics": {"successpercentage": [0.5, 3.0, 6.0, 9.0, 17.5, 13.0, 16.5, 16.0, 16.5, 28.499999999999996], "meanarrivaltime": [14.530208274022097, 5.102315627358937, 4.568186221524666, 4.475537922725352, 4.76609833391474, 9.219296693654858, 8.162141463955521, 6.307785894900302, 4.590550171528476, 4.272224624360556], "minarrivaltime": [15.149999999999721, 13.629999999999754, 5.889999999999919, 8.409999999999865, 5.709999999999923, 8.319999999999867, 10.98999999999981, 5.449999999999928, 5.259999999999932, 5.559999999999926]}}