{"statistics": {"successpercentage": [11.5, 5.5, 6.0, 16.0, 24.0, 24.5, 17.0, 29.5, 26.0, 31.5], "meanarrivaltime": [5.19475435375828, 4.4371986914626715, 5.8442751424113455, 5.058692503206082, 3.935496915748051, 3.7599639444467257, 7.224482810001907, 3.8662010997938543, 4.095687033420069, 3.4137196040197617], "minarrivaltime": [6.7599999999999, 7.0799999999998935, 6.29999999999991, 6.959999999999896, 6.549999999999905, 6.339999999999909, 6.429999999999907, 5.889999999999919, 6.019999999999916, 5.899999999999919]}}