{"statistics": {"successpercentage": [1.5, 4.0, 4.0, 8.0, 8.0, 5.0, 9.5, 11.5, 16.0, 18.0], "meanarrivaltime": [4.8535893174467715, 13.197729554616231, 12.886543856492658, 4.5162357810236715, 9.889100102539476, 9.674477507479391, 7.230004931500712, 8.132730543380973, 10.098598547096707, 9.890796775339885], "minarrivaltime": [11.979999999999789, 13.499999999999757, 11.329999999999803, 5.949999999999918, 6.509999999999906, 11.529999999999799, 10.869999999999813, 7.24999999999989, 10.01999999999983, 10.809999999999814]}}