{"statistics": {"successpercentage": [7.000000000000001, 16.0, 17.5, 22.5, 26.5, 28.999999999999996, 22.0, 38.0, 36.0, 38.5], "meanarrivaltime": [4.98041956092528, 7.0403610000850945, 5.479238713227775, 4.425026149078809, 3.6339733193882524, 5.8959577394453495, 4.478834162025232, 3.0972379015945997, 3.2076461642007112, 3.353364458534079], "minarrivaltime": [6.819999999999899, 6.439999999999907, 6.28999999999991, 5.959999999999917, 6.409999999999908, 6.149999999999913, 6.159999999999913, 5.7199999999999225, 5.459999999999928, 5.569999999999926]}}