{"statistics": {"successpercentage": [2.5, 9.0, 12.5, 13.5, 21.5, 20.0, 30.0, 28.999999999999996, 21.0, 15.0], "meanarrivaltime": [7.744474032639272, 5.858587133603561, 4.930189036411216, 8.892800352739528, 6.642082530677265, 4.055911485144126, 4.127012210640977, 4.330233354148362, 3.9710357301079893, 7.48835926802704], "minarrivaltime": [12.37999999999978, 5.869999999999919, 7.71999999999988, 11.269999999999804, 5.689999999999923, 5.559999999999926, 5.659999999999924, 5.3899999999999295, 5.36999999999993, 5.5299999999999265]}}