{"statistics": {"successpercentage": [3.0, 4.0, 13.0, 6.5, 5.5, 6.5, 11.5, 13.0, 17.5, 17.5], "meanarrivaltime": [5.430186352338542, 5.806425767368303, 4.417773433038361, 3.6334469279233255, 3.639629132229601, 3.43683027685333, 4.1925615481320895, 3.7652578351954684, 3.4442736663683986, 4.8506159419815695], "minarrivaltime": [13.499999999999757, 15.939999999999705, 8.67999999999986, 9.509999999999842, 14.689999999999731, 13.009999999999767, 11.339999999999803, 10.939999999999811, 7.369999999999887, 9.769999999999836]}}