{"statistics": {"successpercentage": [5.0, 10.5, 23.5, 18.0, 24.5, 31.0, 31.5, 19.0, 15.0, 36.5], "meanarrivaltime": [9.279348991940322, 7.7432702135056, 6.768278647108707, 5.796985846388492, 3.5049886317013885, 3.492144438607015, 3.6061624420452616, 6.544632379465036, 7.391412714217597, 3.41619620337444], "minarrivaltime": [10.699999999999816, 6.879999999999898, 5.84999999999992, 6.029999999999916, 6.459999999999907, 5.539999999999926, 6.209999999999912, 6.509999999999906, 10.55999999999982, 5.3899999999999295]}}