{"statistics": {"successpercentage": [12.0, 15.5, 25.5, 32.0, 40.5, 38.0, 42.5, 42.0, 32.0, 32.0], "meanarrivaltime": [4.875996426287924, 3.9693214368453704, 3.7310178677947015, 4.9731885929504624, 3.2638668711902477, 3.500120258570489, 3.0492639010741436, 3.1086741434523413, 4.053948340491701, 3.8208887319308], "minarrivaltime": [9.009999999999852, 9.449999999999843, 7.4099999999998865, 9.289999999999846, 7.739999999999879, 8.009999999999874, 7.389999999999887, 7.869999999999877, 7.179999999999891, 7.089999999999893]}}