{"statistics": {"successpercentage": [2.5, 8.5, 7.000000000000001, 10.0, 15.0, 15.5, 18.0, 11.5, 18.0, 13.5], "meanarrivaltime": [11.73480332627796, 9.632190664056992, 4.263840925760058, 10.489873126043815, 4.763965300794427, 4.6310492933307295, 4.4299008759462515, 4.505843829330533, 4.569152876772756, 4.87625328948577], "minarrivaltime": [13.609999999999754, 8.119999999999871, 6.359999999999909, 10.96999999999981, 11.509999999999799, 5.739999999999922, 5.399999999999929, 6.739999999999901, 6.169999999999913, 9.869999999999834]}}