{"statistics": {"successpercentage": [5.0, 15.5, 11.0, 16.5, 19.0, 25.0, 17.5, 29.5, 30.0, 35.0], "meanarrivaltime": [13.377253855541905, 5.484571537513075, 5.267859916182108, 6.394038986550975, 4.567555761717611, 3.930109507625699, 7.560035941094837, 8.027310739522656, 5.02007782071072, 3.6832413441589416], "minarrivaltime": [13.33999999999976, 5.37999999999993, 5.229999999999933, 5.399999999999929, 5.279999999999932, 5.089999999999936, 11.559999999999798, 5.589999999999925, 4.88999999999994, 4.87999999999994]}}