{"statistics": {"successpercentage": [6.0, 8.5, 12.5, 24.0, 31.0, 20.0, 29.5, 24.0, 27.0, 18.5], "meanarrivaltime": [8.639298327468884, 4.500050841329903, 6.348997315360924, 3.684061131887369, 4.279542653755351, 5.628600339651941, 3.532718198467506, 9.459906340661417, 5.411200328757619, 5.7718205834480925], "minarrivaltime": [5.939999999999918, 5.479999999999928, 5.37999999999993, 5.36999999999993, 5.049999999999937, 5.679999999999923, 5.049999999999937, 5.089999999999936, 5.229999999999933, 5.049999999999937]}}