{"statistics": {"successpercentage": [9.0, 13.5, 16.5, 18.0, 20.5, 26.5, 33.5, 32.0, 36.0, 36.5], "meanarrivaltime": [9.627371028610757, 5.06297707769794, 4.186771185446326, 7.0476557623064044, 7.832656499309095, 5.74853665604244, 3.921450898542982, 4.19824299387262, 3.0792784351178835, 4.105515261588334], "minarrivaltime": [5.909999999999918, 5.229999999999933, 5.589999999999925, 6.249999999999911, 6.109999999999914, 5.639999999999924, 5.469999999999928, 5.3899999999999295, 5.469999999999928, 5.2499999999999325]}}