{"statistics": {"successpercentage": [3.5000000000000004, 13.0, 20.0, 21.5, 23.5, 28.999999999999996, 28.000000000000004, 34.5, 37.0, 35.5], "meanarrivaltime": [3.9377810282498733, 3.7477285775336076, 3.7571847435131587, 3.7844596973016262, 3.2664871476228003, 3.019398796361202, 3.3127247543639764, 3.220596502455422, 2.6379922592759404, 2.6829117507952303], "minarrivaltime": [18.590000000000106, 12.39999999999978, 10.189999999999827, 10.779999999999815, 11.119999999999807, 10.249999999999826, 10.229999999999826, 9.649999999999839, 9.929999999999833, 8.749999999999858]}}