{"statistics": {"successpercentage": [0.0, 0.0, 0.0, 0.0, 0.0, 0.5, 0.0, 0.0, 0.5, 0.5], "meanarrivaltime": [0, 0, 0, 0, 0, 2.9757118165326335, 0, 0, 2.569794400023346, 2.4282840096846], "minarrivaltime": [0, 0, 0, 0, 0, 19.550000000000257, 0, 0, 19.550000000000257, 18.970000000000166]}}