{"statistics": {"successpercentage": [0.0, 0.0, 0.0, 0.0, 0.0, 0.0, 0.0, 0.0, 1.0, 1.5], "meanarrivaltime": [0, 0, 0, 0, 0, 0, 0, 0, 1.7068416216792444, 1.681135732306769], "minarrivaltime": [0, 0, 0, 0, 0, 0, 0, 0, 19.200000000000202, 18.93000000000016]}}