{"statistics": {"successpercentage": [13.0, 11.5, 21.5, 19.5, 11.5, 32.5, 18.0, 31.5, 28.000000000000004, 17.5], "meanarrivaltime": [5.4131046921762085, 9.444629565486352, 7.728207581855737, 7.3864482720286215, 4.956014998207697, 4.091484389876546, 6.537423729967451, 4.0211030645094, 4.833421758435767, 7.624937631176033], "minarrivaltime": [5.889999999999919, 6.149999999999913, 5.929999999999918, 6.159999999999913, 5.37999999999993, 5.509999999999927, 5.459999999999928, 5.239999999999933, 5.199999999999934, 5.34999999999993]}}