{"statistics": {"successpercentage": [1.5, 6.0, 9.0, 18.0, 33.0, 31.0, 35.0, 26.5, 34.5, 28.999999999999996], "meanarrivaltime": [4.710923483750187, 4.006557691363176, 3.4860364637804806, 3.690721372600063, 2.8592562977331046, 3.328914412865034, 3.0335165143141842, 3.1510475131683484, 2.5046220508279884, 3.0693049968138935], "minarrivaltime": [18.780000000000136, 12.449999999999779, 15.349999999999717, 11.759999999999794, 10.809999999999814, 11.319999999999803, 10.49999999999982, 11.02999999999981, 9.289999999999846, 9.60999999999984]}}