{"statistics": {"successpercentage": [6.0, 8.5, 17.0, 21.5, 19.5, 28.499999999999996, 29.5, 32.0, 33.0, 32.5], "meanarrivaltime": [6.608113013808523, 4.643200920029961, 5.136662350573212, 5.241615683910657, 5.155725184779932, 4.3326309077482765, 4.098017723238454, 4.128809363047228, 3.444115949596703, 3.1030154042462437], "minarrivaltime": [10.469999999999821, 10.53999999999982, 9.429999999999843, 9.279999999999847, 9.059999999999851, 9.069999999999851, 12.84999999999977, 8.289999999999868, 7.939999999999875, 8.059999999999873]}}