{"statistics": {"successpercentage": [2.0, 4.0, 6.0, 7.000000000000001, 7.5, 13.0, 15.0, 23.5, 17.5, 10.5], "meanarrivaltime": [3.8530563461788456, 9.747590419946759, 4.8289689593581455, 8.23793569217541, 5.88301283839982, 5.253918880699699, 9.259120701155162, 4.023381670865273, 4.79445005633495, 9.302301103421991], "minarrivaltime": [13.609999999999754, 13.499999999999757, 6.399999999999908, 11.719999999999795, 6.549999999999905, 6.739999999999901, 10.229999999999826, 11.639999999999796, 7.3599999999998875, 9.009999999999852]}}