{"statistics": {"successpercentage": [8.0, 13.0, 14.000000000000002, 19.5, 14.499999999999998, 20.0, 23.5, 17.5, 26.0, 19.0], "meanarrivaltime": [6.513734589801836, 7.26896793772678, 5.293025442534583, 5.7436006040969465, 4.986865881540553, 5.27117389049738, 5.109981653065697, 5.682123708727169, 4.685561894016797, 5.39932696411343], "minarrivaltime": [10.659999999999817, 9.509999999999842, 9.729999999999837, 7.369999999999887, 7.4999999999998845, 6.969999999999896, 6.849999999999898, 10.209999999999827, 6.379999999999908, 7.049999999999894]}}