{"statistics": {"successpercentage": [11.0, 17.0, 11.0, 19.0, 15.5, 20.5, 18.0, 23.5, 18.5, 26.0], "meanarrivaltime": [6.306457763482232, 5.188587721052887, 10.347566933677825, 5.2696910738963085, 8.228887242297729, 6.8047835391193905, 5.736511401417762, 7.971627271807336, 6.419540001241305, 3.4124629461752716], "minarrivaltime": [5.1099999999999355, 5.3899999999999295, 11.359999999999802, 5.809999999999921, 9.369999999999845, 5.35999999999993, 5.229999999999933, 5.289999999999932, 5.259999999999932, 5.329999999999931]}}