{"statistics": {"successpercentage": [9.5, 12.0, 25.0, 36.5, 35.0, 35.0, 24.5, 44.0, 43.0, 34.5], "meanarrivaltime": [5.087646753686499, 5.00180663933553, 4.898741671338991, 3.667021540110998, 3.98728521099427, 4.765194725041347, 3.153549615617338, 3.0033439220839457, 3.042777150472355, 2.7397480116854034], "minarrivaltime": [14.379999999999738, 10.02999999999983, 8.549999999999862, 8.349999999999866, 7.789999999999878, 8.359999999999866, 7.959999999999875, 7.2199999999998905, 6.859999999999898, 7.6399999999998816]}}