{"statistics": {"successpercentage": [10.0, 11.5, 11.0, 14.499999999999998, 26.0, 10.0, 22.5, 38.5, 33.0, 23.0], "meanarrivaltime": [9.257645487860152, 5.1904441513570445, 6.015488400140931, 7.861813427210654, 4.724145810828113, 10.116467427143112, 4.716758770992455, 3.1109385933345277, 3.8434256432795237, 5.097431645970067], "minarrivaltime": [5.37999999999993, 5.4399999999999284, 6.399999999999908, 6.689999999999902, 5.619999999999925, 11.01999999999981, 4.8299999999999415, 5.149999999999935, 5.229999999999933, 5.569999999999926]}}