{"statistics": {"successpercentage": [6.0, 10.0, 15.5, 19.5, 22.0, 28.499999999999996, 24.5, 31.5, 35.0, 31.5], "meanarrivaltime": [4.000020237962075, 4.503442404150354, 4.944810619603813, 3.6671027933483393, 4.127082208773621, 5.371180931659998, 4.296247346391088, 4.240803804843133, 2.753929383554435, 3.0254770351027047], "minarrivaltime": [16.019999999999705, 9.029999999999852, 9.909999999999833, 8.459999999999864, 8.809999999999857, 9.419999999999844, 8.009999999999874, 7.889999999999876, 7.539999999999884, 7.179999999999891]}}