{"statistics": {"successpercentage": [6.5, 18.0, 16.0, 13.5, 14.499999999999998, 26.0, 28.999999999999996, 22.0, 25.0, 39.5], "meanarrivaltime": [7.302396406465625, 6.186366306567485, 6.4631675021777735, 6.449961327840388, 4.283234771287902, 4.921721826640669, 3.3256547585944416, 5.399179354701411, 3.4708066020909722, 3.429150012583224], "minarrivaltime": [8.979999999999853, 8.16999999999987, 6.269999999999911, 6.679999999999902, 6.589999999999904, 5.729999999999922, 5.899999999999919, 5.7199999999999225, 5.689999999999923, 5.4399999999999284]}}