{"statistics": {"successpercentage": [2.0, 4.5, 9.5, 10.0, 14.000000000000002, 19.5, 19.5, 23.0, 15.0, 23.0], "meanarrivaltime": [10.845245371497763, 4.904470908221474, 5.183116064724617, 5.704624946502937, 5.937107964781148, 6.020106631815461, 7.710028419417454, 4.017294553968896, 5.953675644830709, 3.8190418321533603], "minarrivaltime": [10.05999999999983, 5.7199999999999225, 6.129999999999914, 5.37999999999993, 6.4699999999999065, 5.589999999999925, 6.7699999999999, 5.169999999999934, 6.079999999999915, 5.549999999999926]}}