{"statistics": {"successpercentage": [3.0, 4.5, 16.0, 22.0, 21.0, 14.499999999999998, 25.5, 22.0, 28.999999999999996, 38.0], "meanarrivaltime": [4.309946014252481, 3.506289056455873, 4.022990754974075, 3.531371298855855, 3.680336223525735, 3.678576368088149, 3.4312676657111956, 3.5229064751261094, 3.1973539707587704, 2.9432588191411844], "minarrivaltime": [17.049999999999866, 16.909999999999844, 16.419999999999767, 12.259999999999783, 12.659999999999775, 11.419999999999801, 12.359999999999781, 10.719999999999816, 9.749999999999837, 9.369999999999845]}}