{"statistics": {"successpercentage": [3.0, 7.000000000000001, 17.0, 11.5, 23.5, 24.0, 21.0, 24.0, 17.0, 22.0], "meanarrivaltime": [9.048999381100463, 4.317072655985003, 5.401602914475103, 5.550802167519535, 4.657190168971392, 6.461421865584302, 4.425166062988272, 5.6345752789576276, 7.285990095187963, 6.381569773636236], "minarrivaltime": [12.359999999999781, 11.399999999999801, 5.899999999999919, 6.039999999999916, 5.209999999999933, 5.789999999999921, 5.769999999999921, 5.339999999999931, 9.189999999999849, 6.129999999999914]}}