{"statistics": {"successpercentage": [5.5, 9.5, 12.0, 13.0, 16.0, 19.0, 25.5, 16.5, 24.0, 26.0], "meanarrivaltime": [6.491139511233484, 5.321419195872694, 7.745607126020069, 4.887942193266526, 3.7272783707643913, 4.214332305643387, 4.022599481935504, 7.568124293133631, 7.862319283901232, 3.118313893336523], "minarrivaltime": [6.909999999999897, 6.479999999999906, 6.899999999999897, 5.509999999999927, 5.729999999999922, 5.679999999999923, 5.649999999999924, 6.409999999999908, 5.7199999999999225, 5.559999999999926]}}