{"statistics": {"successpercentage": [7.5, 12.5, 12.0, 25.0, 22.5, 28.000000000000004, 28.000000000000004, 42.0, 30.0, 35.0], "meanarrivaltime": [4.068238859868285, 3.693913990052346, 4.167822483594821, 3.2882439947006064, 2.6167662644938194, 3.3597935238281473, 3.024192102682162, 2.594152474386001, 3.258927468045728, 2.5740441071464737], "minarrivaltime": [13.229999999999762, 12.199999999999784, 15.859999999999706, 10.899999999999812, 10.639999999999818, 10.389999999999823, 9.729999999999837, 9.319999999999846, 10.01999999999983, 9.229999999999848]}}