{"statistics": {"successpercentage": [0.0, 0.0, 0.0, 0.0, 0.0, 0.0, 0.0, 0.0, 1.0, 2.5], "meanarrivaltime": [0, 0, 0, 0, 0, 0, 0, 0, 1.7259572280786053, 1.7085138981061854], "minarrivaltime": [0, 0, 0, 0, 0, 0, 0, 0, 19.610000000000266, 18.640000000000114]}}