{"statistics": {"successpercentage": [4.0, 5.0, 14.499999999999998, 15.5, 18.0, 13.5, 27.0, 24.5, 25.5, 28.000000000000004], "meanarrivaltime": [10.325067022589959, 8.540340999788386, 8.490819637908562, 8.33940077694189, 9.812023947486486, 8.683992477925528, 4.482544570123614, 4.2842372060224, 4.021355845329626, 3.038564123832443], "minarrivaltime": [11.789999999999793, 12.169999999999785, 6.349999999999909, 6.729999999999901, 11.739999999999794, 11.229999999999805, 5.81999999999992, 5.499999999999927, 5.499999999999927, 5.729999999999922]}}