{"statistics": {"successpercentage": [14.499999999999998, 15.5, 16.0, 22.0, 33.5, 25.5, 26.5, 38.0, 24.0, 38.0], "meanarrivaltime": [5.77266376692971, 4.68984038323381, 5.683426658658242, 4.547531629234066, 3.8392150147505553, 4.692658069799447, 3.57145069033174, 3.357204703905583, 4.097949791250676, 2.8938404088427236], "minarrivaltime": [9.349999999999845, 10.98999999999981, 13.569999999999755, 8.039999999999873, 7.609999999999882, 7.70999999999988, 7.70999999999988, 6.8899999999998975, 7.579999999999883, 7.369999999999887]}}