{"statistics": {"successpercentage": [8.0, 4.0, 18.5, 23.5, 18.0, 18.0, 23.0, 26.0, 12.0, 23.0], "meanarrivaltime": [4.772914262634683, 4.14080150414217, 4.714327572628195, 4.364618261290404, 5.966375540743014, 3.4848098343069287, 3.690491471489698, 4.693349607370252, 4.2679291479452095, 3.4571058270736033], "minarrivaltime": [8.949999999999854, 15.429999999999715, 8.379999999999866, 9.249999999999847, 13.389999999999759, 8.409999999999865, 8.419999999999865, 12.84999999999977, 9.059999999999851, 7.339999999999888]}}