{"statistics": {"successpercentage": [3.5000000000000004, 10.0, 12.5, 14.499999999999998, 17.0, 15.5, 25.5, 20.5, 14.499999999999998, 30.0], "meanarrivaltime": [3.821082655559063, 4.28884813178613, 4.750895918464782, 4.315353738476734, 4.227083274468518, 6.812819959575814, 4.6341523181553494, 5.74118476537492, 9.920530497112939, 5.199945161140209], "minarrivaltime": [7.569999999999883, 5.589999999999925, 5.769999999999921, 9.59999999999984, 5.419999999999929, 6.419999999999908, 5.419999999999929, 5.099999999999936, 6.739999999999901, 5.1099999999999355]}}