{"statistics": {"successpercentage": [2.5, 4.0, 5.0, 13.5, 25.5, 27.0, 32.5, 28.999999999999996, 32.5, 39.5], "meanarrivaltime": [3.355838128027454, 3.8386924155468063, 2.519534607334297, 3.4883669910726782, 3.614666016687656, 3.3084691012028875, 3.504292340126886, 3.064554100804069, 3.132534370964194, 2.6058794133905656], "minarrivaltime": [13.669999999999753, 13.579999999999755, 16.69999999999981, 12.509999999999778, 10.389999999999823, 10.309999999999825, 12.479999999999778, 10.409999999999823, 9.729999999999837, 10.209999999999827]}}