{"statistics": {"successpercentage": [15.0, 16.5, 28.499999999999996, 21.0, 29.5, 36.5, 38.5, 35.0, 34.5, 32.0], "meanarrivaltime": [5.065640846567416, 4.982434502080227, 4.149286490977778, 4.726281845481882, 3.6498347698190448, 3.1427429330948033, 3.483441973628197, 2.984681590720035, 2.8459059745779114, 3.136617167384691], "minarrivaltime": [11.93999999999979, 9.719999999999837, 7.9699999999998745, 9.369999999999845, 7.899999999999876, 7.799999999999878, 7.839999999999877, 7.099999999999893, 7.69999999999988, 6.879999999999898]}}