{"statistics": {"successpercentage": [1.5, 2.0, 5.0, 3.5000000000000004, 5.5, 8.5, 11.5, 9.0, 10.5, 15.5], "meanarrivaltime": [6.357277669074349, 9.219502139031134, 7.981158375314877, 5.708463422632266, 7.002028496698066, 5.205115722761574, 11.847761450205255, 6.538740059484455, 8.097843329683807, 4.30083927460222], "minarrivaltime": [13.899999999999748, 7.559999999999883, 13.599999999999755, 11.419999999999801, 12.689999999999774, 6.929999999999897, 11.559999999999798, 10.939999999999811, 10.779999999999815, 6.109999999999914]}}