{"statistics": {"successpercentage": [3.5000000000000004, 4.0, 7.5, 9.5, 15.5, 28.499999999999996, 28.999999999999996, 24.0, 30.0, 29.5], "meanarrivaltime": [4.242422049845393, 4.183573888524911, 3.5489506044352055, 4.044448957561432, 3.4617782338008665, 3.661072958159942, 3.336141583742092, 3.345582067897229, 3.129867572743522, 3.113485640166314], "minarrivaltime": [16.719999999999814, 16.459999999999773, 13.079999999999766, 15.529999999999713, 11.659999999999796, 10.589999999999819, 11.4999999999998, 9.999999999999831, 10.739999999999815, 9.859999999999834]}}