{"statistics": {"successpercentage": [3.0, 7.000000000000001, 7.5, 8.0, 11.0, 21.0, 15.5, 16.5, 10.5, 12.0], "meanarrivaltime": [5.095726000593426, 7.6163369644698, 4.137804477259644, 5.091404684435253, 6.848814737448318, 3.935402150402157, 5.3039903999841425, 4.843963206158, 5.409711744761955, 5.252571854209151], "minarrivaltime": [12.459999999999779, 9.369999999999845, 9.659999999999838, 8.699999999999859, 11.629999999999797, 6.349999999999909, 12.37999999999978, 9.969999999999832, 10.349999999999824, 6.589999999999904]}}