{"statistics": {"successpercentage": [0.0, 0.0, 0.0, 0.0, 0.0, 0.0, 0.0, 0.0, 0.5, 1.5], "meanarrivaltime": [0, 0, 0, 0, 0, 0, 0, 0, 1.6694711284186203, 1.645363180310803], "minarrivaltime": [0, 0, 0, 0, 0, 0, 0, 0, 19.660000000000274, 18.130000000000035]}}