{"statistics": {"successpercentage": [1.0, 1.0, 1.0, 2.0, 7.000000000000001, 12.0, 8.0, 7.000000000000001, 15.5, 20.5], "meanarrivaltime": [3.1554878985983983, 3.6376855249045748, 3.5014181112177436, 3.597527390694994, 3.893492612533319, 3.5805659142296338, 3.3747169298912407, 3.5488526094359805, 2.947065966832171, 3.3869838869484026], "minarrivaltime": [18.770000000000135, 19.080000000000183, 14.219999999999741, 13.619999999999754, 14.349999999999739, 11.109999999999808, 11.719999999999795, 14.149999999999743, 12.079999999999787, 11.629999999999797]}}