{"statistics": {"successpercentage": [14.000000000000002, 10.5, 24.5, 24.0, 19.5, 24.5, 36.0, 33.5, 19.0, 33.0], "meanarrivaltime": [4.459291881203403, 5.340355197243045, 4.740687844193885, 4.06812113556533, 3.9838328663244758, 4.9473065716072036, 4.626254105205, 3.6194923875326603, 4.125296976585629, 3.521147832024109], "minarrivaltime": [8.239999999999869, 10.109999999999829, 9.029999999999852, 7.839999999999877, 8.67999999999986, 9.899999999999833, 7.659999999999881, 7.179999999999891, 9.749999999999837, 7.439999999999886]}}