{"statistics": {"successpercentage": [0.0, 0.0, 0.0, 0.0, 0.0, 0.0, 0.0, 0.0, 0.5, 1.5], "meanarrivaltime": [0, 0, 0, 0, 0, 0, 0, 0, 1.5568043124254172, 1.710244696720361], "minarrivaltime": [0, 0, 0, 0, 0, 0, 0, 0, 18.29000000000006, 18.950000000000163]}}