{"statistics": {"successpercentage": [9.0, 12.0, 13.0, 20.5, 25.0, 22.0, 18.5, 29.5, 35.0, 29.5], "meanarrivaltime": [6.621427191378264, 4.173460226127469, 6.858232260022794, 5.893545801303074, 5.78930326025444, 5.536913961775185, 5.7990925483264935, 3.649119698245126, 4.516989596666723, 2.824063183596962], "minarrivaltime": [13.909999999999748, 7.489999999999885, 6.879999999999898, 6.649999999999903, 7.799999999999878, 10.97999999999981, 8.309999999999867, 6.599999999999904, 6.429999999999907, 6.4699999999999065]}}