{"statistics": {"successpercentage": [9.5, 3.0, 11.0, 17.0, 15.5, 18.0, 19.0, 24.0, 16.0, 19.0], "meanarrivaltime": [7.51312506629546, 5.802427125572276, 4.201904531943604, 4.550395790762023, 5.388195550445583, 5.321810668222026, 6.210259088236432, 3.3891514625015358, 6.407744859863963, 3.786028689134296], "minarrivaltime": [11.519999999999799, 7.959999999999875, 9.529999999999841, 7.23999999999989, 7.999999999999874, 8.239999999999869, 6.419999999999908, 7.109999999999893, 7.209999999999891, 6.549999999999905]}}