{"statistics": {"successpercentage": [7.5, 17.5, 16.0, 24.5, 16.0, 26.5, 28.000000000000004, 25.5, 37.5, 31.0], "meanarrivaltime": [7.720603022673133, 8.167932952327975, 5.362659376656933, 3.9806789691367124, 6.5474079295882825, 3.947540823045254, 3.4928102276807214, 5.214831929541795, 3.2602802356032052, 2.9564382043348236], "minarrivaltime": [8.16999999999987, 6.419999999999908, 6.499999999999906, 6.419999999999908, 7.439999999999886, 5.929999999999918, 5.539999999999926, 5.569999999999926, 5.639999999999924, 5.779999999999921]}}