{"statistics": {"successpercentage": [9.0, 12.0, 24.0, 20.5, 26.5, 31.5, 25.5, 27.500000000000004, 35.0, 31.5], "meanarrivaltime": [3.706212003968944, 4.043694537787336, 3.8830602298084886, 3.7772136917339187, 3.530548288508713, 3.096657367077949, 3.6258493164445724, 2.790495765212475, 2.3543516117078975, 2.7905981476796824], "minarrivaltime": [11.709999999999795, 13.619999999999754, 10.779999999999815, 11.289999999999804, 11.229999999999805, 10.54999999999982, 11.269999999999804, 9.499999999999842, 9.279999999999847, 9.939999999999833]}}