{"statistics": {"successpercentage": [14.000000000000002, 11.0, 19.5, 13.0, 27.0, 18.0, 21.5, 27.500000000000004, 35.5, 33.0], "meanarrivaltime": [6.036473675605463, 8.913472260307165, 4.45176998165, 4.63959372617035, 5.878855503419299, 7.07589983804246, 5.655693731862324, 3.7919933202494147, 3.997565667036091, 2.960456399445954], "minarrivaltime": [5.699999999999923, 5.809999999999921, 7.379999999999887, 6.239999999999911, 5.499999999999927, 5.889999999999919, 5.629999999999924, 5.029999999999937, 5.279999999999932, 5.169999999999934]}}