{"statistics": {"successpercentage": [10.0, 45.0, 20.5, 20.0, 28.000000000000004, 23.5, 39.0, 36.0, 24.0, 21.5], "meanarrivaltime": [4.963021374275071, 3.3248447580449763, 4.747965865707441, 6.909951948462259, 3.895927772676063, 6.841095428059422, 3.6564024241927884, 2.855897125206507, 5.765856764761032, 7.560326694318936], "minarrivaltime": [7.849999999999877, 6.199999999999912, 6.029999999999916, 6.459999999999907, 5.7199999999999225, 6.079999999999915, 5.979999999999917, 5.539999999999926, 6.109999999999914, 10.779999999999815]}}