{"statistics": {"successpercentage": [8.0, 11.0, 9.0, 15.5, 15.5, 26.0, 15.0, 20.5, 12.0, 20.5], "meanarrivaltime": [6.34168349841963, 9.917093418209657, 4.511472708377643, 6.115396833385007, 3.686277644981434, 5.176474427395894, 8.99398998137347, 7.16912939766455, 4.4671908372701035, 7.793207546310886], "minarrivaltime": [9.07999999999985, 7.3599999999998875, 6.9399999999998965, 5.84999999999992, 5.3899999999999295, 5.929999999999918, 10.169999999999828, 5.899999999999919, 5.449999999999928, 6.129999999999914]}}