{"statistics": {"successpercentage": [0.0, 0.0, 0.0, 0.0, 0.0, 0.0, 0.0, 0.0, 1.5, 0.5], "meanarrivaltime": [0, 0, 0, 0, 0, 0, 0, 0, 1.6763623011610767, 1.711637357243044], "minarrivaltime": [0, 0, 0, 0, 0, 0, 0, 0, 17.84999999999999, 19.50000000000025]}}