{"statistics": {"successpercentage": [9.0, 8.0, 12.0, 25.5, 18.5, 27.500000000000004, 17.0, 32.5, 33.5, 31.5], "meanarrivaltime": [5.163856708609469, 7.345594778086171, 5.564385894823722, 4.937894163318935, 6.25938511459797, 3.7397659469428515, 4.405771089875658, 3.8220162507196442, 3.0928523285302516, 3.8486523234166743], "minarrivaltime": [11.4399999999998, 13.619999999999754, 10.449999999999822, 7.119999999999893, 7.799999999999878, 6.349999999999909, 6.409999999999908, 6.989999999999895, 6.539999999999905, 6.829999999999899]}}