{"statistics": {"successpercentage": [5.0, 4.5, 18.0, 28.000000000000004, 28.999999999999996, 26.0, 38.5, 41.5, 31.0, 24.5], "meanarrivaltime": [3.7802309347158287, 3.4630465855146193, 3.8589858273475506, 3.067284922456238, 3.555733130513261, 3.0565812483524537, 2.5559372751182723, 3.0252703095952804, 2.428988604728761, 2.8662329032005025], "minarrivaltime": [13.78999999999975, 12.959999999999768, 12.779999999999772, 10.95999999999981, 11.209999999999805, 11.01999999999981, 9.879999999999834, 9.479999999999842, 10.149999999999828, 9.209999999999848]}}