{"statistics": {"successpercentage": [1.5, 11.0, 8.5, 15.0, 13.5, 8.0, 19.0, 10.5, 23.0, 19.5], "meanarrivaltime": [6.2136701177167595, 10.315059504797349, 3.672602782464052, 4.6052195026744736, 12.109253319387461, 5.171449266836446, 4.016577421796952, 10.674356996080693, 4.298113918226508, 4.2808188247580965], "minarrivaltime": [7.119999999999893, 12.759999999999772, 5.679999999999923, 5.289999999999932, 6.809999999999899, 11.149999999999807, 6.199999999999912, 11.359999999999802, 5.219999999999933, 5.559999999999926]}}