{"statistics": {"successpercentage": [12.5, 4.5, 8.0, 16.0, 23.5, 23.5, 26.5, 32.0, 23.5, 16.5], "meanarrivaltime": [5.825867880381232, 10.37683371274519, 7.956258836147145, 7.831525401243364, 3.816129111189044, 6.202100360918737, 9.315826528423672, 3.6949694431287847, 7.833834979664258, 8.40105841129402], "minarrivaltime": [6.129999999999914, 12.42999999999978, 6.919999999999897, 5.739999999999922, 5.409999999999929, 5.699999999999923, 8.819999999999856, 5.5799999999999255, 6.179999999999913, 9.469999999999843]}}