{"statistics": {"successpercentage": [6.0, 6.0, 7.000000000000001, 18.5, 12.0, 17.0, 28.499999999999996, 22.0, 31.0, 38.0], "meanarrivaltime": [4.557742646787303, 3.5304968318652694, 6.099511139586291, 5.343877077803899, 5.551676850285607, 3.819485847767214, 3.5289396601609124, 3.5164137314961024, 3.3194293501065095, 3.331980668222316], "minarrivaltime": [12.229999999999784, 9.479999999999842, 14.119999999999743, 13.899999999999748, 9.14999999999985, 11.769999999999794, 8.289999999999868, 8.079999999999872, 7.269999999999889, 7.6899999999998805]}}