{"statistics": {"successpercentage": [9.0, 14.499999999999998, 16.5, 21.0, 20.0, 25.5, 29.5, 21.5, 33.0, 27.0], "meanarrivaltime": [11.222266617556818, 5.1463711633571485, 4.518564777196386, 4.278866629809, 7.246651519858243, 6.155847469799403, 3.6887600330544204, 4.893648150805664, 3.4596377286057236, 3.987144670517616], "minarrivaltime": [10.939999999999811, 6.089999999999915, 5.83999999999992, 6.1899999999999125, 5.659999999999924, 5.569999999999926, 5.319999999999931, 5.279999999999932, 5.399999999999929, 5.139999999999935]}}