{"statistics": {"successpercentage": [0.0, 0.0, 1.0, 0.5, 5.5, 5.0, 6.5, 6.0, 9.0, 10.0], "meanarrivaltime": [0, 0, 6.983695018748437, 5.161167035330632, 9.96147056049355, 6.542800382778741, 6.256566134917275, 5.292102168428739, 9.428268392720607, 8.82988825902729], "minarrivaltime": [0, 0, 15.379999999999717, 8.239999999999869, 13.219999999999763, 13.37999999999976, 11.95999999999979, 12.609999999999776, 11.559999999999798, 9.839999999999835]}}