{"statistics": {"successpercentage": [1.0, 3.0, 9.0, 12.5, 15.0, 24.0, 19.5, 23.5, 21.5, 33.5], "meanarrivaltime": [4.27942895256661, 4.387392493130584, 3.958512688846629, 3.4698362803611, 3.5426102605467946, 3.582610497346123, 3.5736180259643757, 2.5671383501207403, 3.589270506203308, 2.7852159797127847], "minarrivaltime": [16.739999999999817, 17.2599999999999, 12.109999999999786, 12.259999999999783, 10.679999999999817, 11.579999999999798, 14.489999999999736, 12.569999999999776, 10.09999999999983, 10.149999999999828]}}