{"statistics": {"successpercentage": [8.0, 16.5, 15.5, 19.5, 31.5, 42.5, 37.0, 31.5, 35.0, 35.0], "meanarrivaltime": [5.1985914253650325, 4.4844297994510125, 5.338307298154407, 4.19274507868316, 3.8864417382865337, 3.2015656463611517, 3.28986604393598, 2.9591851092430623, 3.1318599352961036, 3.4842121437094065], "minarrivaltime": [10.249999999999826, 9.059999999999851, 9.56999999999984, 10.04999999999983, 7.579999999999883, 7.779999999999879, 7.3599999999998875, 7.449999999999886, 7.189999999999891, 7.139999999999892]}}