{"statistics": {"successpercentage": [9.0, 16.5, 19.5, 22.5, 24.0, 31.5, 30.0, 23.0, 28.000000000000004, 35.0], "meanarrivaltime": [4.499154891434676, 4.809159808514358, 3.8855168279896444, 3.5266085665138864, 3.941397604939656, 2.714954372116306, 3.104483747442265, 3.067769128781003, 3.537408499194421, 3.5918393558839536], "minarrivaltime": [8.879999999999855, 7.569999999999883, 7.929999999999875, 6.969999999999896, 7.899999999999876, 7.859999999999877, 7.789999999999878, 8.509999999999863, 7.529999999999884, 7.519999999999884]}}