{"statistics": {"successpercentage": [0.0, 5.0, 6.0, 8.5, 8.0, 10.0, 19.5, 18.0, 19.0, 21.0], "meanarrivaltime": [0, 3.902604917344663, 3.0750484946735575, 3.2122209753910322, 3.874189348074196, 3.5316991056620766, 3.6291928276387533, 3.4141229749451494, 3.694784131553624, 3.193017716051427], "minarrivaltime": [0, 15.18999999999972, 17.45999999999993, 11.689999999999795, 13.989999999999746, 12.709999999999773, 12.479999999999778, 11.769999999999794, 11.149999999999807, 11.00999999999981]}}