{"statistics": {"successpercentage": [6.0, 7.000000000000001, 28.999999999999996, 26.0, 35.0, 27.500000000000004, 34.5, 26.0, 41.0, 34.0], "meanarrivaltime": [4.328027152636263, 3.950188414531286, 3.271487185025804, 3.522345316643084, 3.0721367526397545, 2.6540990158363558, 3.2328799793882257, 3.212568294689283, 3.03268453504153, 2.6448842362539633], "minarrivaltime": [15.21999999999972, 12.729999999999773, 10.949999999999811, 12.129999999999786, 10.259999999999826, 13.089999999999765, 9.839999999999835, 9.56999999999984, 9.62999999999984, 9.11999999999985]}}