{"statistics": {"successpercentage": [5.0, 9.5, 15.5, 18.0, 16.0, 16.5, 21.0, 21.5, 22.5, 30.5], "meanarrivaltime": [7.710450872915317, 5.317119118733726, 3.6512862403538353, 7.175174809871804, 4.708144468053869, 4.199981453518854, 6.195926204279389, 4.779556904469391, 5.102806137618605, 3.7505688757093645], "minarrivaltime": [7.559999999999883, 6.339999999999909, 7.319999999999888, 10.569999999999819, 12.509999999999778, 6.229999999999912, 6.129999999999914, 6.089999999999915, 6.629999999999903, 5.7199999999999225]}}