{"statistics": {"successpercentage": [6.5, 7.000000000000001, 12.0, 16.0, 16.5, 15.0, 20.5, 16.5, 18.5, 19.0], "meanarrivaltime": [4.571576264451137, 6.869119720891403, 5.5406220471534775, 4.635833957889008, 4.564856099801605, 5.749729818991491, 5.132573412002216, 6.65172037524465, 4.619630428537603, 3.6493873013707625], "minarrivaltime": [9.339999999999845, 8.63999999999986, 7.439999999999886, 7.9699999999998745, 6.4699999999999065, 13.079999999999766, 7.559999999999883, 8.65999999999986, 11.699999999999795, 11.96999999999979]}}