{"statistics": {"successpercentage": [5.5, 9.0, 10.5, 16.0, 16.0, 18.0, 24.0, 23.0, 14.499999999999998, 25.0], "meanarrivaltime": [5.233609547451018, 5.125316029677529, 5.6221028812914735, 5.626770517904468, 4.4514376317043824, 4.843374723623392, 4.08176377504568, 3.7354409663232646, 6.46531029731782, 3.359236931257192], "minarrivaltime": [7.72999999999988, 6.6099999999999035, 12.38999999999978, 9.309999999999846, 6.429999999999907, 5.789999999999921, 5.779999999999921, 5.8599999999999195, 6.079999999999915, 6.079999999999915]}}