{"statistics": {"successpercentage": [10.0, 13.5, 10.5, 26.5, 31.0, 20.0, 37.0, 45.0, 28.499999999999996, 31.0], "meanarrivaltime": [6.304065933820708, 4.481090932588077, 5.774687070059953, 5.419061276553894, 3.219826319045478, 4.652291942158531, 3.1600374402620233, 3.028513597642794, 5.599448829861675, 4.116304811593468], "minarrivaltime": [7.999999999999874, 6.849999999999898, 7.349999999999888, 7.049999999999894, 6.929999999999897, 7.089999999999893, 6.919999999999897, 6.129999999999914, 5.949999999999918, 6.089999999999915]}}