{"statistics": {"successpercentage": [7.5, 15.5, 20.5, 17.0, 17.5, 24.0, 32.0, 25.0, 18.5, 11.5], "meanarrivaltime": [5.615072716663217, 4.3848358700746495, 6.734581852188804, 8.156223153269476, 9.28818233190943, 7.62240588716486, 3.8459079685973094, 3.397385281466216, 7.416253755928159, 5.420168780864946], "minarrivaltime": [6.409999999999908, 6.099999999999914, 5.9999999999999165, 6.31999999999991, 11.519999999999799, 6.28999999999991, 5.179999999999934, 5.409999999999929, 5.429999999999929, 5.209999999999933]}}