{"statistics": {"successpercentage": [8.5, 11.0, 13.5, 13.0, 17.0, 22.5, 16.5, 27.500000000000004, 19.5, 22.0], "meanarrivaltime": [4.664763230865749, 4.999790703875434, 8.873348349493325, 6.730979062006046, 7.816405406589793, 4.06008394165249, 4.884406952682172, 4.6738965734780065, 5.457966147933018, 5.679825498063238], "minarrivaltime": [8.819999999999856, 6.159999999999913, 8.709999999999859, 7.289999999999889, 7.0299999999998946, 6.31999999999991, 11.699999999999795, 6.199999999999912, 6.249999999999911, 5.649999999999924]}}