{"statistics": {"successpercentage": [8.0, 11.5, 13.5, 20.0, 25.0, 19.0, 28.000000000000004, 33.0, 24.5, 35.0], "meanarrivaltime": [6.784763135772521, 4.29051372204507, 3.94286497995195, 4.731490626978965, 3.9240051406772225, 6.427110971115863, 4.7104086989954554, 4.4852312612122525, 3.834398941531735, 3.006250760666789], "minarrivaltime": [11.129999999999807, 12.589999999999776, 7.019999999999895, 6.859999999999898, 6.509999999999906, 8.139999999999871, 6.399999999999908, 6.369999999999909, 6.549999999999905, 5.879999999999919]}}