{"statistics": {"successpercentage": [5.5, 3.5000000000000004, 10.0, 11.5, 19.0, 11.0, 13.0, 20.0, 14.499999999999998, 26.0], "meanarrivaltime": [9.041915442319599, 10.48799203631703, 10.082532713075363, 5.775496477077401, 5.231911054568202, 7.872309039443417, 7.268942329348301, 6.506845787662401, 4.255185657387393, 8.803751448177625], "minarrivaltime": [6.269999999999911, 7.879999999999876, 6.659999999999902, 6.2799999999999105, 5.709999999999923, 9.55999999999984, 5.339999999999931, 5.35999999999993, 5.619999999999925, 5.5299999999999265]}}