{"statistics": {"successpercentage": [3.5000000000000004, 14.499999999999998, 10.0, 12.5, 10.5, 26.0, 19.5, 28.999999999999996, 20.5, 28.499999999999996], "meanarrivaltime": [10.966754865760148, 5.282032436784859, 9.216317885953547, 5.64195289751854, 10.177172409055354, 4.509357568041069, 4.268571806867418, 4.527678124885556, 8.251352329633052, 4.537950255636068], "minarrivaltime": [6.7899999999999, 5.479999999999928, 6.679999999999902, 5.229999999999933, 10.839999999999813, 5.039999999999937, 5.489999999999927, 5.319999999999931, 5.199999999999934, 5.299999999999931]}}