{"statistics": {"successpercentage": [5.5, 11.5, 21.5, 16.0, 20.0, 21.5, 39.0, 32.0, 37.5, 32.0], "meanarrivaltime": [3.600368094522938, 3.5500708050085454, 4.764571991740595, 3.7612810617923533, 3.64821905455507, 4.480896953144863, 3.2454059678624345, 3.257333878087597, 3.1280745448953953, 3.210767136151012], "minarrivaltime": [15.279999999999719, 9.679999999999838, 9.12999999999985, 8.489999999999863, 9.509999999999842, 8.729999999999858, 7.859999999999877, 7.799999999999878, 7.3599999999998875, 7.339999999999888]}}