{"statistics": {"successpercentage": [10.0, 10.0, 12.0, 10.0, 15.5, 18.0, 15.0, 15.0, 14.499999999999998, 21.5], "meanarrivaltime": [7.827743351750231, 5.0695074242597205, 4.664064039475931, 7.453601080211335, 5.113646119873847, 4.840250489203005, 6.818382980619524, 7.097772310708866, 6.343210163938403, 3.608179699312002], "minarrivaltime": [7.479999999999885, 6.379999999999908, 6.3299999999999095, 6.569999999999904, 5.689999999999923, 9.239999999999847, 6.129999999999914, 6.459999999999907, 8.899999999999855, 5.219999999999933]}}