{"statistics": {"successpercentage": [3.5000000000000004, 3.0, 12.0, 15.5, 15.0, 18.5, 30.5, 31.5, 27.500000000000004, 19.5], "meanarrivaltime": [4.363020234658473, 6.634731822174875, 4.983308962533839, 4.836398796050505, 3.935412996679516, 6.576200689405817, 4.1050084033743195, 3.960682748710134, 5.93976831760288, 5.7205928009782046], "minarrivaltime": [10.469999999999821, 9.439999999999843, 7.2199999999998905, 8.309999999999867, 7.22999999999989, 7.559999999999883, 7.859999999999877, 6.569999999999904, 7.23999999999989, 6.989999999999895]}}