{"statistics": {"successpercentage": [4.5, 12.5, 11.0, 11.5, 10.5, 22.5, 23.5, 30.0, 32.5, 24.5], "meanarrivaltime": [6.609155866347917, 8.003670373000194, 5.830624102407255, 7.109203615515111, 7.508250371721258, 6.889694443949197, 8.206153316198794, 4.05458983552451, 3.2513199477637627, 3.369868911962389], "minarrivaltime": [6.249999999999911, 6.509999999999906, 10.219999999999827, 5.219999999999933, 6.7699999999999, 5.609999999999925, 6.259999999999911, 5.099999999999936, 5.319999999999931, 5.629999999999924]}}