{"statistics": {"successpercentage": [1.5, 1.0, 4.0, 4.5, 3.0, 5.5, 3.5000000000000004, 14.000000000000002, 5.5, 10.5], "meanarrivaltime": [3.519879889326685, 3.3143174462716942, 3.7856051591055397, 3.1487743581585637, 3.698389045249036, 4.1942972896442425, 3.3738708789258984, 3.4154273400508606, 4.007122474748493, 3.4802377546941803], "minarrivaltime": [16.089999999999716, 16.719999999999814, 14.949999999999726, 17.799999999999983, 14.569999999999734, 17.44999999999993, 17.109999999999875, 11.92999999999979, 17.01999999999986, 12.639999999999775]}}