{"statistics": {"successpercentage": [2.0, 12.5, 16.5, 30.5, 28.999999999999996, 37.0, 28.000000000000004, 28.999999999999996, 44.5, 28.499999999999996], "meanarrivaltime": [3.8182029373138247, 3.7757499134069534, 3.8640567914451216, 3.291635184638736, 3.162575328036886, 3.0301188737263987, 2.9848833051342045, 3.4116159951896172, 2.749184459299698, 2.7390306551297336], "minarrivaltime": [12.249999999999783, 13.37999999999976, 10.699999999999816, 9.799999999999836, 9.839999999999835, 10.299999999999825, 10.189999999999827, 10.799999999999814, 9.179999999999849, 9.359999999999845]}}