{"statistics": {"successpercentage": [9.0, 15.5, 18.0, 19.0, 23.5, 28.499999999999996, 24.5, 42.5, 36.5, 29.5], "meanarrivaltime": [6.0612997576569825, 4.508024960351926, 4.731847999649333, 4.308000827978883, 5.241147632261931, 3.2096902224142156, 4.498435847199034, 3.150716169649197, 3.387783896928094, 3.6264115357638795], "minarrivaltime": [10.599999999999818, 8.62999999999986, 9.14999999999985, 8.259999999999868, 12.539999999999777, 7.459999999999885, 8.099999999999872, 7.6899999999998805, 7.459999999999885, 6.959999999999896]}}