{"statistics": {"successpercentage": [0.5, 5.0, 9.0, 14.000000000000002, 11.0, 20.0, 26.5, 23.0, 28.000000000000004, 34.0], "meanarrivaltime": [4.118799625972446, 4.124098403234196, 3.758191901470881, 3.8221322682892267, 4.113503321667619, 3.73950210434277, 3.3739514378257955, 2.5348081689389277, 2.8727677096204887, 2.902844387789656], "minarrivaltime": [17.499999999999936, 16.55999999999979, 12.049999999999788, 13.529999999999756, 12.90999999999977, 13.089999999999765, 11.559999999999798, 11.409999999999801, 10.309999999999825, 10.599999999999818]}}