{"statistics": {"successpercentage": [8.5, 6.0, 10.0, 5.5, 11.0, 10.5, 8.5, 10.5, 12.0, 19.5], "meanarrivaltime": [4.736495102392919, 6.387288681472513, 3.8902339161785298, 4.845309991117078, 4.653910925687989, 9.455145168499119, 9.116527534902996, 6.199729508130735, 7.196495968150701, 4.02940104309729], "minarrivaltime": [13.049999999999766, 10.799999999999814, 11.299999999999804, 6.729999999999901, 11.739999999999794, 13.629999999999754, 12.059999999999787, 11.689999999999795, 11.359999999999802, 6.659999999999902]}}