{"statistics": {"successpercentage": [2.5, 4.0, 10.0, 3.5000000000000004, 19.0, 12.0, 16.0, 17.5, 30.0, 28.499999999999996], "meanarrivaltime": [3.6753164386812474, 3.9462409933561657, 3.4936932047563465, 3.5997118783113464, 3.731487877731625, 3.616798909522803, 4.0610249822678295, 2.8209426657887957, 3.6382892821940347, 3.2384081128582447], "minarrivaltime": [14.409999999999737, 14.519999999999735, 13.879999999999749, 16.919999999999845, 12.139999999999786, 14.879999999999727, 11.829999999999792, 10.569999999999819, 11.169999999999806, 10.319999999999824]}}