{"statistics": {"successpercentage": [0.0, 0.0, 0.0, 0.0, 0.0, 0.0, 0.0, 0.5, 0.5, 0.0], "meanarrivaltime": [0, 0, 0, 0, 0, 0, 0, 1.7466007641109276, 1.6912401037389513, 0], "minarrivaltime": [0, 0, 0, 0, 0, 0, 0, 19.650000000000272, 19.460000000000242, 0]}}