{"statistics": {"successpercentage": [9.0, 16.5, 22.5, 26.0, 33.5, 21.5, 40.5, 34.0, 41.0, 26.5], "meanarrivaltime": [6.039692901717775, 4.017283251986542, 4.495001120493845, 4.714011020404062, 3.616466015447734, 4.753275209228811, 3.151849912441464, 2.7008205712364215, 2.7882266681983303, 3.0590139484761942], "minarrivaltime": [8.289999999999868, 10.589999999999819, 10.449999999999822, 8.18999999999987, 7.71999999999988, 8.449999999999864, 7.589999999999883, 7.519999999999884, 7.0799999999998935, 7.4999999999998845]}}