{"statistics": {"successpercentage": [1.5, 9.0, 11.0, 10.5, 7.5, 5.0, 13.0, 24.5, 15.0, 24.5], "meanarrivaltime": [6.785016373873734, 12.259888825847192, 5.470481296280845, 11.002626586978545, 8.433239386529301, 10.434470313693705, 9.089183466348697, 3.7374988043310853, 3.7694719881132306, 3.4843445979922256], "minarrivaltime": [14.189999999999742, 11.249999999999805, 6.009999999999916, 11.02999999999981, 6.359999999999909, 11.289999999999804, 5.189999999999934, 5.539999999999926, 5.699999999999923, 6.129999999999914]}}