{"statistics": {"successpercentage": [9.5, 17.0, 20.5, 13.5, 20.5, 19.0, 37.5, 32.0, 35.5, 28.999999999999996], "meanarrivaltime": [12.469234790083691, 5.845540469131034, 6.635331375317335, 8.03469185657868, 6.9401630052615815, 8.382114128282883, 3.5049069943878735, 3.6497359960071205, 3.1617931316635017, 4.830787944410399], "minarrivaltime": [9.209999999999848, 5.549999999999926, 5.429999999999929, 6.229999999999912, 6.229999999999912, 6.7599999999999, 5.569999999999926, 5.409999999999929, 5.36999999999993, 5.209999999999933]}}