{"statistics": {"successpercentage": [11.0, 14.499999999999998, 16.0, 22.5, 28.499999999999996, 33.5, 39.5, 23.0, 42.5, 40.5], "meanarrivaltime": [5.713180785747143, 4.755492001341275, 4.429237649732448, 4.369784801615463, 3.0265215234030647, 3.6055400472270613, 3.617481805245752, 3.7942186935028293, 2.651891462912831, 3.1103399210234177], "minarrivaltime": [9.219999999999848, 9.959999999999832, 9.069999999999851, 7.859999999999877, 7.2199999999998905, 7.479999999999885, 7.2199999999998905, 7.22999999999989, 7.69999999999988, 7.629999999999882]}}