{"statistics": {"successpercentage": [3.0, 10.5, 13.5, 30.0, 30.5, 20.5, 22.0, 32.0, 31.5, 35.5], "meanarrivaltime": [4.2411677905757985, 3.9630191122902536, 4.089739954490813, 3.6609968824360064, 3.419229699292657, 3.499838845040528, 2.983615478013256, 3.417508814195932, 2.871006925978209, 2.683313015273957], "minarrivaltime": [14.839999999999728, 12.919999999999769, 13.729999999999752, 10.669999999999817, 11.139999999999807, 10.799999999999814, 12.359999999999781, 11.619999999999797, 10.03999999999983, 9.11999999999985]}}