{"statistics": {"successpercentage": [8.0, 15.5, 17.0, 14.499999999999998, 17.0, 14.499999999999998, 16.5, 24.0, 30.5, 18.0], "meanarrivaltime": [7.867263064282354, 5.868679532818492, 5.088318006977199, 6.348857821475501, 3.9137919955799383, 9.168725087026068, 8.795473570222777, 5.2644216082509105, 3.280782463966383, 6.301578691488222], "minarrivaltime": [5.889999999999919, 5.299999999999931, 6.109999999999914, 5.749999999999922, 5.509999999999927, 5.599999999999925, 4.959999999999939, 4.949999999999939, 5.2499999999999325, 4.87999999999994]}}