{"statistics": {"successpercentage": [0.5, 1.5, 2.5, 2.5, 8.0, 8.5, 7.000000000000001, 8.5, 7.000000000000001, 9.0], "meanarrivaltime": [3.2311631646311274, 6.524506673510955, 5.329863103745957, 6.692196037782973, 5.663607843078142, 5.763953761317349, 5.086531209613628, 4.789055987141328, 5.608152534811796, 7.657544452160817], "minarrivaltime": [13.079999999999766, 10.779999999999815, 13.719999999999752, 13.009999999999767, 8.089999999999872, 5.769999999999921, 7.849999999999877, 12.85999999999977, 11.809999999999793, 11.199999999999806]}}