{"statistics": {"successpercentage": [6.0, 9.5, 10.0, 20.5, 15.5, 19.0, 25.5, 21.5, 33.5, 20.0], "meanarrivaltime": [5.339026979483358, 7.1744253887267, 5.84303315940983, 5.503677220641848, 6.600035254057098, 5.3082715783330805, 6.027318420486468, 4.443443112756577, 3.45336333500204, 3.775152805951236], "minarrivaltime": [7.2199999999998905, 13.289999999999761, 12.769999999999772, 6.699999999999902, 7.739999999999879, 6.659999999999902, 9.259999999999847, 6.949999999999896, 6.629999999999903, 6.579999999999904]}}