{"statistics": {"successpercentage": [1.5, 6.0, 4.0, 7.5, 12.5, 14.499999999999998, 11.5, 20.5, 14.499999999999998, 21.5], "meanarrivaltime": [5.988039205329947, 5.683807190093465, 4.467046768748826, 7.748868419608121, 10.284147752348538, 4.888209311227604, 6.091757265825708, 4.219132299082621, 9.888419417950804, 5.714194834965222], "minarrivaltime": [6.549999999999905, 7.059999999999894, 5.81999999999992, 6.6099999999999035, 5.419999999999929, 5.759999999999922, 5.499999999999927, 5.289999999999932, 8.129999999999871, 5.81999999999992]}}