{"statistics": {"successpercentage": [4.5, 4.5, 8.0, 10.0, 24.0, 13.5, 20.0, 25.0, 31.0, 27.0], "meanarrivaltime": [3.9755495409136623, 4.0676212262364055, 2.9781939493457177, 4.010340159011227, 3.3344818512752195, 3.8403614583235903, 3.418698240454249, 2.9997121806169647, 3.521003773680916, 3.144019434407938], "minarrivaltime": [14.129999999999743, 16.989999999999856, 13.669999999999753, 13.499999999999757, 10.659999999999817, 11.92999999999979, 15.24999999999972, 9.949999999999832, 11.299999999999804, 12.509999999999778]}}