{"statistics": {"successpercentage": [2.0, 3.5000000000000004, 13.5, 10.5, 14.499999999999998, 14.000000000000002, 27.0, 19.5, 32.5, 34.5], "meanarrivaltime": [3.6197384317225128, 4.395839884035737, 3.8624940964507393, 3.820121844358327, 3.3045791595520915, 4.025677201725265, 3.573107944804557, 3.5055927495848493, 3.030703056278589, 3.2022599252698694], "minarrivaltime": [13.229999999999762, 17.33999999999991, 10.949999999999811, 14.199999999999742, 10.95999999999981, 11.579999999999798, 11.95999999999979, 10.739999999999815, 10.609999999999818, 10.729999999999816]}}