{"statistics": {"successpercentage": [3.0, 2.5, 4.0, 16.5, 6.0, 13.0, 19.0, 20.0, 23.5, 16.0], "meanarrivaltime": [5.298532560279961, 3.99602191214277, 6.28454896009281, 4.382845866790143, 5.077024648567375, 4.936391223188915, 6.792291596683679, 4.053334488954626, 3.7642307949749365, 6.813300434615187], "minarrivaltime": [11.209999999999805, 8.849999999999856, 13.159999999999764, 7.509999999999884, 11.4799999999998, 12.199999999999784, 10.389999999999823, 6.999999999999895, 6.999999999999895, 9.459999999999843]}}