{"statistics": {"successpercentage": [2.0, 9.0, 14.000000000000002, 15.0, 16.0, 18.0, 21.5, 31.5, 21.5, 14.499999999999998], "meanarrivaltime": [9.274963562695914, 7.258090340142173, 5.0778346177617575, 7.794621226646002, 4.528135306747428, 4.087385894478448, 3.277579055424189, 3.78607386228031, 3.471125952438781, 9.108760221608952], "minarrivaltime": [11.089999999999808, 8.049999999999873, 5.82999999999992, 6.669999999999902, 6.249999999999911, 5.759999999999922, 5.329999999999931, 5.739999999999922, 5.709999999999923, 5.599999999999925]}}