{"statistics": {"successpercentage": [3.0, 1.0, 8.5, 13.5, 11.5, 12.0, 25.5, 30.0, 21.5, 21.0], "meanarrivaltime": [4.0173905226406585, 4.110794020603722, 3.3045649244421935, 4.128998667168644, 3.521957791733963, 3.8608825837051994, 3.459852085428732, 3.3379078794192316, 3.273947220246391, 3.1883930749082414], "minarrivaltime": [17.239999999999895, 15.559999999999713, 11.749999999999794, 13.919999999999748, 12.179999999999785, 16.24999999999974, 11.229999999999805, 10.429999999999822, 12.689999999999774, 10.289999999999825]}}