{"statistics": {"successpercentage": [6.0, 12.0, 8.5, 17.5, 20.0, 21.5, 27.500000000000004, 30.5, 20.5, 19.0], "meanarrivaltime": [5.328113567516324, 5.892545044077047, 5.824717703340447, 5.957884089432407, 4.42436228973052, 5.518866281368493, 4.1011090668465675, 3.4445727041941816, 5.641653825146425, 4.6361713673731915], "minarrivaltime": [10.08999999999983, 10.909999999999812, 7.469999999999885, 7.919999999999876, 6.529999999999905, 7.109999999999893, 6.7899999999999, 6.389999999999908, 6.809999999999899, 6.459999999999907]}}