{"statistics": {"successpercentage": [4.5, 3.5000000000000004, 19.0, 18.5, 30.0, 25.5, 36.0, 40.0, 25.5, 28.000000000000004], "meanarrivaltime": [4.348245454591593, 2.84907986469277, 2.5816236493690026, 3.335795192876777, 3.154861963776862, 3.1405777565807576, 2.8495704207343926, 2.7782213214270315, 3.0542807479846217, 3.13551338680285], "minarrivaltime": [14.78999999999973, 17.83999999999999, 14.539999999999734, 12.219999999999784, 11.4499999999998, 9.60999999999984, 10.639999999999818, 9.509999999999842, 9.349999999999845, 9.459999999999843]}}