{"statistics": {"successpercentage": [6.5, 14.000000000000002, 20.0, 19.0, 27.0, 23.5, 30.5, 32.0, 36.5, 27.0], "meanarrivaltime": [8.424002079687222, 7.959001798225161, 5.451771493664079, 4.114733645962088, 4.686159587033339, 5.588522919612491, 3.8513320609859845, 2.9486473081054694, 2.8526722217238034, 4.521526276576575], "minarrivaltime": [11.92999999999979, 6.059999999999915, 7.019999999999895, 6.339999999999909, 6.239999999999911, 6.269999999999911, 5.199999999999934, 5.699999999999923, 5.3899999999999295, 6.069999999999915]}}