{"statistics": {"successpercentage": [2.0, 8.5, 8.5, 13.0, 10.5, 22.5, 18.0, 20.5, 16.0, 20.5], "meanarrivaltime": [6.202684322779535, 6.852235988475984, 6.1726042197157085, 4.9085641031200336, 5.034797008426284, 3.9523836719883976, 6.410918579797421, 5.880349347791222, 5.272881050827381, 5.569384972325062], "minarrivaltime": [14.499999999999735, 12.529999999999777, 8.449999999999864, 7.629999999999882, 6.969999999999896, 6.669999999999902, 9.049999999999851, 6.999999999999895, 9.09999999999985, 11.219999999999805]}}