{"statistics": {"successpercentage": [12.0, 13.5, 18.0, 23.5, 34.5, 30.0, 41.5, 27.500000000000004, 34.0, 21.5], "meanarrivaltime": [4.7498120117590075, 4.544253258724388, 5.301010026860168, 4.500081476901764, 3.9380096306763828, 3.6859605764403187, 3.3775245567466228, 3.328059560137146, 3.3823205750039356, 3.641984683514597], "minarrivaltime": [9.489999999999842, 8.63999999999986, 13.34999999999976, 8.019999999999873, 7.6899999999998805, 8.029999999999873, 7.519999999999884, 7.399999999999887, 7.129999999999892, 6.7599999999999]}}