{"statistics": {"successpercentage": [6.5, 10.5, 15.5, 16.5, 11.5, 22.5, 23.5, 31.5, 23.0, 25.5], "meanarrivaltime": [5.672812807059776, 4.228598147415449, 4.702433252455766, 4.726156980649274, 5.716237482079799, 4.3306924182778195, 4.233221696272383, 3.8294168295056688, 5.116230578596624, 3.9348034412896893], "minarrivaltime": [11.679999999999795, 9.289999999999846, 13.179999999999763, 9.12999999999985, 13.439999999999758, 8.369999999999866, 8.329999999999867, 7.8299999999998775, 8.339999999999867, 7.799999999999878]}}