{"statistics": {"successpercentage": [7.5, 10.5, 20.0, 21.5, 22.5, 26.0, 17.0, 21.5, 30.5, 31.0], "meanarrivaltime": [4.59765859481333, 5.311655655121028, 3.2824102058891773, 3.7627423117344034, 4.129427076607259, 3.375599661917959, 4.548671945203479, 4.411825019344853, 2.5772139507077925, 3.1776112899517392], "minarrivaltime": [11.979999999999789, 11.01999999999981, 9.729999999999837, 7.619999999999882, 8.489999999999863, 7.839999999999877, 7.929999999999875, 7.71999999999988, 7.129999999999892, 7.539999999999884]}}