{"statistics": {"successpercentage": [2.0, 9.0, 10.0, 18.0, 21.5, 22.0, 20.0, 28.499999999999996, 29.5, 35.0], "meanarrivaltime": [3.5925685273841603, 4.1826854749226134, 3.577621564236569, 3.440101807050847, 3.7013296965351037, 3.4631119852131205, 3.1088527476413517, 3.376810849863916, 3.483220222143918, 2.7649072990250567], "minarrivaltime": [14.439999999999737, 13.989999999999746, 15.009999999999724, 12.189999999999785, 13.149999999999764, 9.249999999999847, 11.339999999999803, 10.929999999999811, 10.389999999999823, 10.129999999999828]}}