{"statistics": {"successpercentage": [5.0, 7.5, 14.499999999999998, 11.0, 21.5, 16.5, 19.5, 23.5, 12.5, 31.0], "meanarrivaltime": [7.3826552092173285, 4.386651733946351, 5.309855067892985, 10.027377317539832, 5.391778229037642, 3.884898889130489, 8.704676870666072, 4.707251756501274, 7.875595921796201, 4.045472929625978], "minarrivaltime": [6.659999999999902, 6.149999999999913, 6.149999999999913, 8.519999999999863, 6.079999999999915, 5.2499999999999325, 6.1899999999999125, 5.429999999999929, 7.72999999999988, 5.81999999999992]}}