{"statistics": {"successpercentage": [4.0, 6.5, 11.0, 10.5, 7.5, 14.000000000000002, 18.0, 17.5, 25.0, 20.0], "meanarrivaltime": [7.4487234505288376, 4.858570905982369, 4.65022850583511, 5.0447838091681545, 5.402803954397154, 4.675698095660974, 4.114764110627473, 6.54147032907582, 5.958239282643685, 3.8262288023119724], "minarrivaltime": [14.009999999999746, 7.659999999999881, 11.4999999999998, 7.23999999999989, 13.889999999999748, 6.899999999999897, 7.369999999999887, 6.859999999999898, 7.339999999999888, 6.719999999999901]}}