{"statistics": {"successpercentage": [2.0, 10.5, 13.5, 16.5, 27.0, 23.5, 16.0, 21.0, 31.5, 18.0], "meanarrivaltime": [4.101218454453499, 3.3026477108336576, 3.5927381261260596, 2.685416204212554, 3.4010373587277396, 3.292151668925189, 3.496450237238501, 3.395086070944019, 2.623440815864316, 3.047037882280106], "minarrivaltime": [14.479999999999736, 13.469999999999757, 13.689999999999753, 16.17999999999973, 11.399999999999801, 11.099999999999808, 11.859999999999792, 10.859999999999813, 9.799999999999836, 9.749999999999837]}}