{"statistics": {"successpercentage": [9.0, 6.5, 16.0, 12.0, 25.0, 21.5, 25.5, 27.0, 35.0, 23.0], "meanarrivaltime": [7.364754719432145, 6.1364834598625855, 6.676242967853709, 5.140128865422851, 3.871384500496961, 4.402068425499695, 3.7993852843984848, 4.733966037151168, 3.600922842719471, 4.780098047306056], "minarrivaltime": [7.749999999999879, 8.429999999999865, 8.14999999999987, 12.069999999999787, 6.579999999999904, 6.369999999999909, 7.0799999999998935, 6.589999999999904, 6.689999999999902, 6.649999999999903]}}