{"statistics": {"successpercentage": [15.5, 24.0, 19.0, 16.0, 21.0, 19.0, 27.0, 34.5, 27.0, 28.499999999999996], "meanarrivaltime": [4.437744129757337, 4.547433772767002, 4.393066705147368, 6.314650462438031, 5.31340950887697, 5.186921577927247, 3.5955790323240793, 3.0010254502639344, 5.324301495737631, 5.169991223294963], "minarrivaltime": [6.869999999999898, 7.0299999999998946, 6.869999999999898, 7.629999999999882, 6.359999999999909, 6.949999999999896, 6.399999999999908, 6.379999999999908, 6.639999999999903, 6.169999999999913]}}