{"statistics": {"successpercentage": [4.5, 8.5, 16.5, 9.5, 26.5, 25.0, 29.5, 22.5, 24.0, 24.5], "meanarrivaltime": [7.0968441384485015, 8.862898165880255, 5.17244429689863, 9.188458462669328, 3.8544071761405925, 4.061914576512481, 4.05731839283818, 7.191448600649694, 8.431725069031993, 6.08351294852169], "minarrivaltime": [6.109999999999914, 11.099999999999808, 5.749999999999922, 5.559999999999926, 5.319999999999931, 5.499999999999927, 5.099999999999936, 6.179999999999913, 5.5799999999999255, 5.179999999999934]}}