{"statistics": {"successpercentage": [9.5, 11.0, 12.0, 21.0, 21.0, 24.5, 19.0, 19.5, 22.0, 25.5], "meanarrivaltime": [8.842641748764072, 6.003279593026817, 4.955024843240805, 4.6523906930329675, 4.019093413588186, 4.1873596523411125, 8.171406327025098, 7.558427710448093, 4.4427506164904305, 3.2543918030420222], "minarrivaltime": [10.739999999999815, 12.269999999999783, 7.069999999999894, 5.629999999999924, 5.899999999999919, 5.409999999999929, 5.81999999999992, 5.419999999999929, 5.429999999999929, 5.479999999999928]}}