{"statistics": {"successpercentage": [6.0, 10.5, 15.0, 14.499999999999998, 21.5, 21.5, 25.0, 27.0, 35.5, 36.5], "meanarrivaltime": [6.6172673505915585, 7.4241680118400115, 7.6853794676534735, 4.482701802916015, 4.598529110523894, 3.8008329098518328, 3.952908792613992, 4.054708268077977, 3.577255677949552, 3.0073511486000326], "minarrivaltime": [11.819999999999792, 12.89999999999977, 12.229999999999784, 7.929999999999875, 6.7999999999998995, 6.7899999999999, 6.669999999999902, 7.349999999999888, 6.519999999999905, 6.429999999999907]}}