{"statistics": {"successpercentage": [6.0, 12.0, 10.5, 7.5, 16.5, 14.499999999999998, 11.5, 20.5, 24.5, 33.0], "meanarrivaltime": [6.120451083098879, 7.672210252769028, 5.393829170396662, 4.209317178047341, 4.903791475984715, 5.27166761925515, 7.938950594065733, 3.8590948301871175, 3.7232987469512184, 4.042290144529056], "minarrivaltime": [7.169999999999892, 11.129999999999807, 6.7799999999999, 12.40999999999978, 7.039999999999894, 6.389999999999908, 6.249999999999911, 6.30999999999991, 5.459999999999928, 5.959999999999917]}}