{"statistics": {"successpercentage": [7.000000000000001, 8.0, 11.5, 19.5, 13.5, 23.0, 14.000000000000002, 18.0, 9.5, 19.5], "meanarrivaltime": [6.682835255351967, 6.013336063168245, 5.35905403518744, 6.137895095759569, 6.631120812714752, 4.107504883306932, 7.021189111704776, 5.028373795788744, 5.700344175181083, 4.457104178636416], "minarrivaltime": [6.819999999999899, 9.059999999999851, 11.589999999999797, 6.029999999999916, 6.7699999999999, 5.989999999999917, 6.249999999999911, 6.079999999999915, 6.849999999999898, 6.019999999999916]}}