{"statistics": {"successpercentage": [1.0, 4.5, 19.0, 23.0, 35.0, 25.5, 22.0, 35.0, 30.0, 28.499999999999996], "meanarrivaltime": [4.6817653465868005, 3.9821828579109573, 3.1872514167523622, 3.4248939190786483, 3.0511142478347804, 3.658324895324698, 3.47839936294112, 2.417287119152546, 2.8191717710228303, 2.9976003714553863], "minarrivaltime": [19.460000000000242, 15.489999999999714, 11.849999999999792, 11.91999999999979, 10.52999999999982, 14.129999999999743, 9.639999999999839, 9.849999999999834, 9.57999999999984, 10.299999999999825]}}