{"statistics": {"successpercentage": [8.5, 13.5, 9.5, 13.5, 25.5, 30.5, 23.5, 30.5, 32.0, 21.5], "meanarrivaltime": [10.48785086070677, 7.4892974671243895, 9.19647247414641, 5.276476065860628, 4.017265575060071, 4.299523039936835, 3.9815196401469377, 5.278356546759555, 3.9497553245549692, 5.431421865532742], "minarrivaltime": [10.369999999999823, 5.239999999999933, 5.129999999999935, 5.679999999999923, 5.189999999999934, 5.1099999999999355, 5.049999999999937, 5.419999999999929, 5.099999999999936, 4.90999999999994]}}