{"statistics": {"successpercentage": [6.0, 10.0, 7.000000000000001, 19.5, 14.499999999999998, 18.5, 32.0, 29.5, 36.0, 31.0], "meanarrivaltime": [7.679039951771646, 7.137722480212896, 4.581910206157709, 7.434041100603756, 4.198326017800629, 4.02868843149843, 3.2490383228161526, 3.16558478355421, 3.979720290844993, 3.238736957028285], "minarrivaltime": [10.349999999999824, 13.729999999999752, 8.239999999999869, 12.799999999999772, 11.889999999999791, 6.639999999999903, 7.2199999999998905, 6.519999999999905, 6.9399999999998965, 6.30999999999991]}}