{"statistics": {"successpercentage": [4.5, 9.5, 16.5, 17.0, 16.5, 17.0, 32.0, 27.0, 24.5, 18.5], "meanarrivaltime": [3.380810525622203, 5.353883458707381, 4.418543030493923, 4.111517762452716, 3.6523374070985977, 3.879144450318007, 3.732520540577423, 4.1631579496118025, 4.694039326068504, 4.842399817247474], "minarrivaltime": [15.859999999999706, 9.939999999999833, 8.809999999999857, 12.829999999999771, 13.989999999999746, 9.879999999999834, 8.299999999999867, 8.329999999999867, 8.20999999999987, 8.089999999999872]}}