{"statistics": {"successpercentage": [5.5, 10.5, 13.0, 12.5, 14.499999999999998, 24.0, 14.499999999999998, 21.5, 14.000000000000002, 21.0], "meanarrivaltime": [7.14028874682034, 5.212716389772899, 4.878150031799837, 8.328340126464758, 7.5243397906869, 4.6462280565167875, 5.45303434174372, 3.2948432989783023, 5.816095881527521, 3.7891883330108853], "minarrivaltime": [8.399999999999865, 6.999999999999895, 6.839999999999899, 7.0799999999998935, 7.659999999999881, 6.859999999999898, 6.7899999999999, 6.539999999999905, 7.059999999999894, 5.919999999999918]}}