{"statistics": {"successpercentage": [12.5, 13.0, 14.499999999999998, 19.0, 29.5, 23.0, 25.5, 38.5, 34.5, 28.499999999999996], "meanarrivaltime": [4.501498688029056, 4.7035948920561435, 6.087174885037476, 4.301207958426988, 3.7774048865170284, 4.0628298570618355, 5.549788990647198, 3.5025658851518844, 2.9071475958310904, 4.35565405660639], "minarrivaltime": [8.369999999999866, 7.3599999999998875, 7.489999999999885, 7.099999999999893, 6.629999999999903, 6.179999999999913, 6.869999999999898, 6.6099999999999035, 6.879999999999898, 6.079999999999915]}}