{"statistics": {"successpercentage": [13.5, 19.0, 14.000000000000002, 21.5, 22.5, 31.0, 36.5, 29.5, 33.5, 23.5], "meanarrivaltime": [5.825856957698027, 4.809151455290555, 4.655058576978395, 4.659505744251727, 3.410354750680851, 4.129838653157492, 3.580154047716537, 3.547830274726236, 3.124991181354039, 3.1863002116378403], "minarrivaltime": [9.369999999999845, 7.909999999999876, 12.319999999999782, 8.21999999999987, 7.69999999999988, 7.649999999999881, 7.649999999999881, 7.389999999999887, 7.669999999999881, 7.389999999999887]}}