{"statistics": {"successpercentage": [6.5, 9.5, 14.000000000000002, 8.0, 17.0, 16.5, 22.0, 34.0, 26.0, 14.499999999999998], "meanarrivaltime": [11.4309020510935, 9.159724384012165, 6.849284588174803, 5.775556924446041, 7.710402778692105, 3.8813341920369058, 3.5760682934584835, 4.430375167594123, 5.683429834351504, 6.656984372003782], "minarrivaltime": [12.86999999999977, 6.7499999999999005, 6.2799999999999105, 7.529999999999884, 7.629999999999882, 5.919999999999918, 5.589999999999925, 6.079999999999915, 5.979999999999917, 6.4699999999999065]}}