{"statistics": {"successpercentage": [13.5, 15.0, 23.0, 22.0, 25.0, 23.5, 31.0, 60.0, 34.0, 39.0], "meanarrivaltime": [5.5506348436270985, 4.6211095722039355, 7.7130026554945115, 5.742203322854466, 6.607353212088945, 4.774098828831333, 4.374831446540201, 2.596533803319759, 2.9352047783264266, 3.74456590189537], "minarrivaltime": [7.779999999999879, 6.879999999999898, 6.969999999999896, 5.879999999999919, 6.739999999999901, 5.959999999999917, 5.939999999999918, 5.759999999999922, 5.599999999999925, 5.629999999999924]}}