{"statistics": {"successpercentage": [3.5000000000000004, 5.0, 4.5, 12.5, 12.0, 14.499999999999998, 21.5, 12.0, 20.0, 24.0], "meanarrivaltime": [5.763510266243054, 5.955055690648601, 5.578607136189056, 3.849912128849602, 3.957320970211818, 4.166985773925718, 5.255937492266517, 4.897651575768669, 3.3562028796594525, 4.217540531367722], "minarrivaltime": [15.579999999999712, 14.31999999999974, 14.579999999999734, 10.51999999999982, 8.929999999999854, 8.759999999999858, 8.64999999999986, 14.629999999999733, 9.769999999999836, 10.899999999999812]}}