{"statistics": {"successpercentage": [10.0, 13.0, 20.0, 18.0, 14.499999999999998, 20.5, 17.0, 23.0, 29.5, 15.5], "meanarrivaltime": [6.06117510400398, 6.683326152725953, 8.955392917115017, 3.934947694429946, 4.196945755499067, 5.056885884463231, 6.346472203551926, 6.816678661812861, 3.6369039239905927, 5.004776243989404], "minarrivaltime": [6.429999999999907, 6.729999999999901, 12.229999999999784, 6.3299999999999095, 6.509999999999906, 6.009999999999916, 7.279999999999889, 6.549999999999905, 5.889999999999919, 5.279999999999932]}}