{"statistics": {"successpercentage": [6.0, 7.5, 15.0, 6.0, 14.499999999999998, 14.499999999999998, 24.5, 20.0, 23.5, 35.5], "meanarrivaltime": [4.783439795037691, 5.312248833803746, 6.7091574407776156, 4.863110647928772, 6.370682618532261, 3.776824404281821, 3.1140703845708324, 5.065264276341524, 5.718953893874979, 3.7907319547864486], "minarrivaltime": [7.539999999999884, 6.839999999999899, 9.199999999999848, 7.869999999999877, 7.71999999999988, 6.959999999999896, 7.039999999999894, 6.269999999999911, 8.529999999999863, 6.4699999999999065]}}