{"statistics": {"successpercentage": [8.5, 12.5, 15.0, 20.5, 23.0, 29.5, 25.5, 28.000000000000004, 23.5, 28.999999999999996], "meanarrivaltime": [7.2790633085484195, 5.211283612996175, 6.766741321325303, 5.754759609726052, 4.105401829620388, 3.604058045242579, 4.162830502036711, 4.040677080653672, 4.747102351158311, 5.131041962974418], "minarrivaltime": [11.199999999999806, 7.649999999999881, 7.939999999999875, 8.729999999999858, 6.9399999999998965, 6.489999999999906, 6.839999999999899, 6.7499999999999005, 6.30999999999991, 6.809999999999899]}}