{"statistics": {"successpercentage": [8.5, 10.0, 13.5, 16.5, 10.0, 28.000000000000004, 20.0, 10.0, 32.0, 25.0], "meanarrivaltime": [8.56150575780925, 5.717146054415836, 4.89405903895814, 8.72361613702887, 4.01604195234337, 4.036483266152777, 8.361918813248556, 6.686100271877285, 3.4047950406776635, 6.430236092072372], "minarrivaltime": [5.869999999999919, 5.769999999999921, 6.629999999999903, 6.209999999999912, 6.559999999999905, 5.519999999999927, 5.5799999999999255, 6.1399999999999135, 5.409999999999929, 5.329999999999931]}}