{"statistics": {"successpercentage": [11.5, 15.0, 21.5, 21.0, 22.5, 30.5, 23.5, 39.0, 30.5, 34.0], "meanarrivaltime": [4.76392795737726, 5.2702305390407655, 6.151735887778147, 5.653443390855546, 5.018861570577868, 4.911266383259412, 3.1215853915056644, 3.398892765504644, 3.8890816249467375, 5.377998546112382], "minarrivaltime": [8.15999999999987, 7.149999999999892, 8.569999999999862, 6.7999999999998995, 6.969999999999896, 7.009999999999895, 6.379999999999908, 6.039999999999916, 6.359999999999909, 6.709999999999901]}}