{"statistics": {"successpercentage": [1.5, 11.0, 5.5, 10.0, 10.5, 25.5, 20.5, 19.0, 33.0, 26.5], "meanarrivaltime": [4.525542418178717, 3.9425059215113816, 3.251541704761571, 3.7009777921008684, 3.4031520272658504, 3.865053355425501, 3.579749294582815, 3.589689117735243, 3.1989452259024196, 2.828976053315622], "minarrivaltime": [18.88000000000015, 13.459999999999757, 15.639999999999711, 13.209999999999763, 12.779999999999772, 13.759999999999751, 9.929999999999833, 11.739999999999794, 9.929999999999833, 10.299999999999825]}}