{"statistics": {"successpercentage": [2.5, 4.5, 4.5, 5.5, 5.5, 9.0, 13.0, 8.5, 14.000000000000002, 14.000000000000002], "meanarrivaltime": [5.158853910310621, 5.387218431868757, 4.914639158946525, 6.622323344983556, 6.144293226609142, 4.1658633691684575, 3.7888227308283007, 3.9010537936942096, 4.776109771474474, 4.4566777585428055], "minarrivaltime": [13.029999999999767, 10.299999999999825, 10.06999999999983, 16.149999999999725, 13.33999999999976, 10.579999999999819, 14.609999999999733, 15.789999999999708, 13.549999999999756, 13.429999999999758]}}