{"statistics": {"successpercentage": [8.0, 13.0, 18.5, 28.000000000000004, 26.5, 30.0, 17.5, 32.5, 42.5, 34.0], "meanarrivaltime": [5.240322746368135, 5.958652615463057, 5.868847101163778, 4.477312302482263, 4.993402127554739, 4.883716303735281, 4.6275929724777916, 5.007827361040146, 3.3465793515667253, 3.225294128507794], "minarrivaltime": [8.559999999999862, 7.839999999999877, 8.039999999999873, 6.829999999999899, 6.719999999999901, 6.949999999999896, 7.069999999999894, 6.679999999999902, 6.199999999999912, 6.339999999999909]}}