{"statistics": {"successpercentage": [3.0, 5.5, 6.0, 11.5, 6.0, 14.000000000000002, 19.0, 22.0, 16.5, 27.500000000000004], "meanarrivaltime": [4.982706712062009, 4.607728803408907, 4.8120477898531675, 5.178509058116346, 5.76408206904786, 4.277906685918834, 4.362736279920326, 4.338165896768739, 6.5651193337630485, 3.9851253395717023], "minarrivaltime": [7.629999999999882, 8.329999999999867, 7.22999999999989, 6.179999999999913, 11.609999999999797, 6.619999999999903, 6.399999999999908, 6.529999999999905, 7.69999999999988, 6.359999999999909]}}