{"statistics": {"successpercentage": [4.5, 10.0, 14.499999999999998, 8.0, 13.5, 19.0, 17.5, 25.0, 21.5, 22.5], "meanarrivaltime": [4.8201744376609215, 5.362766025376596, 6.306160383071388, 6.3615517758551565, 8.138716044915826, 4.73652292613472, 9.02573819514793, 4.14068397572149, 9.230930683216547, 8.306786275869817], "minarrivaltime": [11.829999999999792, 5.489999999999927, 5.739999999999922, 6.439999999999907, 5.659999999999924, 5.539999999999926, 7.019999999999895, 5.229999999999933, 5.469999999999928, 5.569999999999926]}}