{"statistics": {"successpercentage": [16.5, 23.5, 29.5, 26.0, 34.0, 37.5, 20.5, 41.5, 42.5, 44.5], "meanarrivaltime": [5.826698770546381, 5.876514134288612, 4.02891577084651, 4.090778597041438, 3.239105281225626, 3.2710860310553715, 4.452425612786024, 2.7796197000014686, 3.0315177294448135, 2.8955189031338637], "minarrivaltime": [11.95999999999979, 12.339999999999781, 8.249999999999869, 8.309999999999867, 7.759999999999879, 7.759999999999879, 9.459999999999843, 7.059999999999894, 7.0799999999998935, 7.009999999999895]}}