{"statistics": {"successpercentage": [9.5, 5.0, 16.0, 20.5, 24.5, 24.5, 23.5, 34.0, 35.5, 27.0], "meanarrivaltime": [3.658822463201988, 6.686177864573419, 6.851835435732302, 6.908184759145782, 4.214862462665719, 4.775881051061454, 6.180426489066256, 4.526439582217896, 3.4688312194872784, 4.059229112560944], "minarrivaltime": [8.869999999999855, 7.459999999999885, 11.609999999999797, 7.819999999999878, 6.899999999999897, 6.509999999999906, 6.869999999999898, 6.639999999999903, 6.539999999999905, 6.119999999999914]}}