{"statistics": {"successpercentage": [6.0, 15.0, 14.499999999999998, 13.5, 15.5, 20.0, 11.5, 24.0, 24.0, 36.5], "meanarrivaltime": [6.740648670707347, 5.155658167633281, 8.271342748320196, 7.57444999162299, 8.993749671248759, 6.436392380172042, 5.258341945062446, 4.433581271066347, 6.086333102187543, 3.065333126654429], "minarrivaltime": [11.989999999999789, 5.5299999999999265, 7.469999999999885, 6.129999999999914, 11.069999999999808, 5.6699999999999235, 5.3899999999999295, 5.659999999999924, 5.019999999999937, 5.009999999999938]}}