{"statistics": {"successpercentage": [8.0, 14.000000000000002, 20.5, 18.5, 28.999999999999996, 29.5, 36.5, 26.0, 35.0, 35.0], "meanarrivaltime": [5.789210944713262, 4.454205549064251, 5.142228224404335, 5.35760391575771, 3.673785705228778, 3.579753859547236, 3.4204943284489455, 2.9629745300378922, 2.983472881840617, 3.404571965497051], "minarrivaltime": [9.779999999999836, 6.709999999999901, 7.459999999999885, 7.059999999999894, 6.659999999999902, 6.849999999999898, 6.529999999999905, 6.079999999999915, 6.399999999999908, 6.439999999999907]}}