{"statistics": {"successpercentage": [11.0, 11.5, 11.0, 17.5, 24.5, 19.0, 36.0, 30.0, 33.0, 25.0], "meanarrivaltime": [12.001161764234185, 5.036677320216312, 5.124678299599066, 4.363246906744152, 7.2905961168204145, 5.482300252509827, 8.191914701151962, 3.699440767032484, 3.2786393109900613, 4.743927184032546], "minarrivaltime": [8.64999999999986, 5.499999999999927, 5.789999999999921, 5.169999999999934, 5.8599999999999195, 5.139999999999935, 5.759999999999922, 4.959999999999939, 5.35999999999993, 5.099999999999936]}}