{"statistics": {"successpercentage": [7.5, 10.5, 18.0, 14.499999999999998, 12.0, 23.0, 26.0, 36.0, 31.5, 27.0], "meanarrivaltime": [6.521548321788798, 3.863387756443679, 4.77524446655739, 5.184309420919494, 5.530002012649535, 3.350188567230434, 3.8323124087668177, 4.0617044559099496, 3.2957042387400772, 4.206573606158006], "minarrivaltime": [15.049999999999724, 14.25999999999974, 8.069999999999872, 9.509999999999842, 10.419999999999822, 9.019999999999852, 7.589999999999883, 7.139999999999892, 7.789999999999878, 8.269999999999868]}}