{"statistics": {"successpercentage": [7.000000000000001, 8.5, 12.5, 14.499999999999998, 14.000000000000002, 17.0, 14.499999999999998, 29.5, 19.5, 25.0], "meanarrivaltime": [4.440925946931883, 5.616030352574702, 5.2942330610598844, 4.376622459676264, 4.7602690902202145, 5.699399631680164, 5.602215073853196, 3.3799141308457843, 4.991197451710587, 4.343452075488907], "minarrivaltime": [16.039999999999708, 13.129999999999765, 9.809999999999835, 8.959999999999853, 11.359999999999802, 10.06999999999983, 12.589999999999776, 8.089999999999872, 8.749999999999858, 7.869999999999877]}}