{"statistics": {"successpercentage": [8.0, 8.0, 11.0, 16.0, 10.5, 28.000000000000004, 25.0, 31.0, 16.5, 34.5], "meanarrivaltime": [4.289661702409836, 4.528269801745832, 5.360860514437181, 4.784809034085296, 4.390579055884417, 3.720212264423167, 4.1102329399847966, 3.254579285579255, 4.966400864778168, 2.984400904401086], "minarrivaltime": [8.569999999999862, 9.899999999999833, 12.359999999999781, 8.789999999999857, 8.769999999999857, 9.279999999999847, 8.16999999999987, 7.959999999999875, 8.14999999999987, 7.389999999999887]}}