{"statistics": {"successpercentage": [3.5000000000000004, 4.5, 7.5, 11.0, 8.5, 13.0, 13.0, 17.5, 15.5, 23.5], "meanarrivaltime": [4.731237203557266, 5.705585503592596, 4.232396288207535, 4.5780109367215855, 5.405512290579953, 5.487386859671696, 3.5668873046206233, 4.28247942962081, 5.246007722285385, 3.374544174133926], "minarrivaltime": [14.74999999999973, 10.479999999999821, 16.31999999999975, 9.209999999999848, 8.079999999999872, 13.639999999999754, 15.039999999999724, 8.899999999999855, 13.449999999999758, 8.68999999999986]}}