{"statistics": {"successpercentage": [1.0, 6.0, 3.5000000000000004, 8.0, 8.5, 14.499999999999998, 24.5, 18.0, 27.500000000000004, 19.5], "meanarrivaltime": [3.719404689465983, 3.5409247593512823, 4.363685458655373, 3.369985752655343, 4.3992650020293045, 3.0026796930160162, 3.770415356891927, 3.739801704057664, 3.2370637097347927, 3.250270427926636], "minarrivaltime": [18.770000000000135, 12.129999999999786, 18.980000000000167, 11.549999999999798, 17.71999999999997, 15.68999999999971, 11.169999999999806, 9.719999999999837, 10.589999999999819, 10.579999999999819]}}