{"statistics": {"successpercentage": [1.0, 3.0, 4.0, 8.5, 9.0, 7.5, 4.5, 7.5, 8.5, 11.0], "meanarrivaltime": [8.219094235868104, 8.901156008932531, 6.716213189501411, 4.5381388400265825, 3.881839654724688, 5.902647231531082, 8.461910032234025, 8.116292938832638, 10.907018370029519, 4.373915100748325], "minarrivaltime": [17.539999999999942, 12.979999999999768, 5.559999999999926, 5.5299999999999265, 10.299999999999825, 5.959999999999917, 12.479999999999778, 11.709999999999795, 9.839999999999835, 5.499999999999927]}}