{"statistics": {"successpercentage": [3.0, 3.5000000000000004, 5.0, 15.0, 11.5, 17.5, 14.499999999999998, 18.0, 16.5, 21.0], "meanarrivaltime": [7.338111437141609, 3.973904708812035, 10.701615072893318, 10.223228763531829, 8.689334327448636, 4.031720637721818, 5.466599400756615, 5.429988586276254, 5.97605831511429, 4.600476039039096], "minarrivaltime": [14.889999999999727, 8.719999999999859, 8.64999999999986, 11.93999999999979, 7.299999999999889, 6.039999999999916, 5.569999999999926, 5.019999999999937, 6.1899999999999125, 5.659999999999924]}}