{"statistics": {"successpercentage": [0.0, 0.0, 0.0, 0.0, 0.0, 0.0, 0.5, 0.0, 1.5, 0.0], "meanarrivaltime": [0, 0, 0, 0, 0, 0, 1.739380417050984, 0, 1.7392630287073303, 0], "minarrivaltime": [0, 0, 0, 0, 0, 0, 19.980000000000324, 0, 19.350000000000225, 0]}}