{"statistics": {"successpercentage": [8.5, 24.5, 26.0, 28.499999999999996, 28.499999999999996, 25.5, 26.0, 27.500000000000004, 36.5, 19.5], "meanarrivaltime": [5.723878769116676, 4.275572523073937, 3.638186948353343, 4.1989828083000535, 5.641570332557973, 3.4210681117210364, 3.558701950708721, 6.7282170567287265, 4.031471010823993, 4.154792230246676], "minarrivaltime": [8.069999999999872, 5.919999999999918, 6.099999999999914, 6.119999999999914, 7.019999999999895, 6.099999999999914, 5.899999999999919, 6.079999999999915, 5.429999999999929, 5.5299999999999265]}}