{"statistics": {"successpercentage": [2.0, 6.0, 9.0, 8.0, 21.0, 17.5, 24.5, 18.5, 19.5, 25.0], "meanarrivaltime": [2.7708809292687264, 3.75626334564144, 3.957036724060973, 3.896710579764826, 3.7553921206729703, 3.639315384533775, 3.1012426967379896, 3.9036683379918875, 3.1666700652578235, 3.392628521371881], "minarrivaltime": [17.569999999999947, 13.099999999999765, 13.239999999999762, 12.139999999999786, 13.739999999999752, 12.659999999999775, 11.179999999999806, 12.159999999999785, 10.619999999999818, 10.04999999999983]}}