{"statistics": {"successpercentage": [6.0, 8.0, 16.5, 20.0, 20.0, 26.0, 23.5, 13.0, 24.0, 20.5], "meanarrivaltime": [8.465202930685319, 7.292614334702246, 5.723885632918151, 4.495473287375893, 3.82200586570778, 3.6191877044755714, 3.7574268927024095, 6.085223918377248, 4.042204581474053, 6.418654636908884], "minarrivaltime": [8.229999999999869, 9.819999999999835, 6.2799999999999105, 11.209999999999805, 6.729999999999901, 7.019999999999895, 5.739999999999922, 9.509999999999842, 6.199999999999912, 7.199999999999891]}}