{"statistics": {"successpercentage": [0.0, 0.0, 0.0, 0.0, 0.0, 0.0, 0.0, 0.0, 0.0, 1.0], "meanarrivaltime": [0, 0, 0, 0, 0, 0, 0, 0, 0, 1.6850585284498316], "minarrivaltime": [0, 0, 0, 0, 0, 0, 0, 0, 0, 18.910000000000156]}}