{"statistics": {"successpercentage": [11.0, 15.0, 19.0, 23.0, 28.999999999999996, 34.0, 35.5, 27.0, 36.5, 41.0], "meanarrivaltime": [5.562200930679162, 5.054578522555279, 5.487945797789117, 4.896941990117127, 4.332223371701181, 3.6541312631757044, 3.865618735275238, 3.9896269175809027, 2.592174312838162, 2.7461552382191226], "minarrivaltime": [10.319999999999824, 8.949999999999854, 8.019999999999873, 9.429999999999843, 7.69999999999988, 8.089999999999872, 7.449999999999886, 7.459999999999885, 7.159999999999892, 7.039999999999894]}}