{"statistics": {"successpercentage": [8.0, 8.0, 10.5, 6.5, 18.5, 11.5, 19.5, 17.5, 17.5, 12.5], "meanarrivaltime": [10.079711227589039, 3.742072302024568, 8.8855206284964, 7.539933078953053, 4.791272125628074, 9.621429060870689, 9.457557908689601, 5.3223544102718305, 8.515505789298267, 8.016355544334397], "minarrivaltime": [7.099999999999893, 5.83999999999992, 5.959999999999917, 5.649999999999924, 5.319999999999931, 10.419999999999822, 9.469999999999843, 5.779999999999921, 4.9199999999999395, 5.889999999999919]}}