{"statistics": {"successpercentage": [4.5, 4.0, 12.5, 12.5, 16.5, 22.5, 17.5, 17.0, 21.5, 21.0], "meanarrivaltime": [8.276903889289823, 6.873035015301019, 7.743003633892381, 5.161730941659816, 7.375943469271156, 3.6008952062663897, 8.251243096424549, 4.168397253615278, 3.9670326906239732, 5.381767554225803], "minarrivaltime": [8.019999999999873, 12.309999999999782, 6.499999999999906, 6.719999999999901, 11.269999999999804, 7.9699999999998745, 8.439999999999864, 6.29999999999991, 6.059999999999915, 5.929999999999918]}}