{"statistics": {"successpercentage": [0.0, 0.0, 0.0, 0.0, 0.0, 0.0, 0.0, 0.0, 0.5, 0.5], "meanarrivaltime": [0, 0, 0, 0, 0, 0, 0, 0, 4.159522151136581, 3.0650139869953366], "minarrivaltime": [0, 0, 0, 0, 0, 0, 0, 0, 19.240000000000208, 19.37000000000023]}}