{"statistics": {"successpercentage": [11.5, 10.5, 14.499999999999998, 21.0, 23.5, 21.5, 29.5, 18.0, 27.0, 20.0], "meanarrivaltime": [9.069355459058023, 6.588397687174302, 8.184650209319848, 4.808804553269667, 5.332080743264852, 5.843795034698324, 5.748050313645808, 6.509436518680063, 5.387694548001763, 4.41140507126282], "minarrivaltime": [6.549999999999905, 6.369999999999909, 6.999999999999895, 6.7699999999999, 6.339999999999909, 6.6099999999999035, 6.29999999999991, 6.709999999999901, 5.759999999999922, 5.429999999999929]}}