{"statistics": {"successpercentage": [5.5, 8.0, 17.5, 25.5, 32.5, 30.5, 20.0, 42.5, 39.5, 25.0], "meanarrivaltime": [3.9878924417058075, 3.8992893395093344, 3.930177351466846, 3.9329010003922242, 2.8326652563641037, 3.146501627346017, 3.1705997090636844, 2.6329508444231817, 2.7188214125664034, 2.8559325282867087], "minarrivaltime": [14.909999999999727, 14.999999999999725, 11.93999999999979, 12.269999999999783, 9.649999999999839, 11.579999999999798, 9.889999999999834, 9.809999999999835, 9.10999999999985, 9.469999999999843]}}