{"statistics": {"successpercentage": [2.5, 5.0, 4.0, 13.5, 12.0, 20.0, 25.5, 28.499999999999996, 23.5, 21.5], "meanarrivaltime": [2.9035457699735967, 3.908312119550517, 2.6846826539943773, 4.073968746230862, 3.597775713529669, 3.417999161441062, 2.575504338320105, 2.750622958100947, 3.160635806301422, 3.4093639144839987], "minarrivaltime": [15.68999999999971, 12.529999999999777, 15.20999999999972, 13.929999999999747, 15.489999999999714, 11.4699999999998, 13.519999999999756, 11.249999999999805, 13.399999999999759, 10.599999999999818]}}