{"statistics": {"successpercentage": [4.0, 7.5, 8.5, 17.0, 20.5, 22.5, 21.5, 22.5, 29.5, 29.5], "meanarrivaltime": [6.505329313544345, 4.748859949665313, 3.7140432760069935, 4.868949533269858, 4.315376407687418, 3.8551651222950687, 4.08979778572357, 4.658517070354419, 3.1937542711384332, 3.228927345818358], "minarrivaltime": [15.749999999999709, 10.689999999999817, 12.709999999999773, 8.129999999999871, 8.66999999999986, 8.15999999999987, 8.849999999999856, 8.519999999999863, 8.60999999999986, 7.849999999999877]}}