{"statistics": {"successpercentage": [0.0, 0.0, 0.0, 0.0, 0.0, 0.0, 0.0, 0.5, 0.0, 2.5], "meanarrivaltime": [0, 0, 0, 0, 0, 0, 0, 1.7218587073144604, 0, 1.7016059151502407], "minarrivaltime": [0, 0, 0, 0, 0, 0, 0, 19.660000000000274, 0, 19.13000000000019]}}