{"statistics": {"successpercentage": [8.0, 10.0, 17.5, 22.0, 26.5, 36.5, 36.5, 37.0, 39.5, 35.0], "meanarrivaltime": [3.728123634812377, 3.35726146288136, 3.600768244465946, 3.3540649585438618, 3.5729644686900213, 2.9230134519248363, 2.959217536079786, 2.7551439079432574, 2.528896409940236, 2.480978760810262], "minarrivaltime": [16.919999999999845, 14.859999999999728, 12.309999999999782, 12.309999999999782, 11.96999999999979, 10.269999999999825, 9.839999999999835, 8.979999999999853, 10.05999999999983, 9.449999999999843]}}