{"statistics": {"successpercentage": [7.000000000000001, 6.5, 4.0, 12.0, 19.0, 11.0, 13.0, 21.5, 20.5, 15.0], "meanarrivaltime": [6.234314882166291, 5.909793088803003, 5.618734449695206, 8.579160984849228, 5.171635859329512, 7.507233329124511, 4.214676618852707, 8.203508331989363, 4.110080734755568, 5.1156308232316565], "minarrivaltime": [7.299999999999889, 12.099999999999786, 12.799999999999772, 5.699999999999923, 5.2499999999999325, 6.7599999999999, 5.499999999999927, 5.889999999999919, 5.959999999999917, 5.289999999999932]}}