{"statistics": {"successpercentage": [8.0, 13.0, 8.0, 9.0, 19.5, 11.5, 28.499999999999996, 28.499999999999996, 23.0, 30.0], "meanarrivaltime": [8.977207739765188, 6.098089751677448, 8.886561131758233, 5.448832164476557, 4.4800878146832686, 7.501148181507883, 3.7141173036721518, 4.440707581884235, 4.5302668524523355, 3.760335366219583], "minarrivaltime": [6.039999999999916, 5.309999999999931, 6.859999999999898, 6.0499999999999154, 5.919999999999918, 7.629999999999882, 5.409999999999929, 5.599999999999925, 4.949999999999939, 6.369999999999909]}}