{"statistics": {"successpercentage": [0.0, 0.0, 0.0, 0.0, 0.0, 0.0, 1.0, 0.0, 0.0, 0.0], "meanarrivaltime": [0, 0, 0, 0, 0, 0, 1.7186679709526043, 0, 0, 0], "minarrivaltime": [0, 0, 0, 0, 0, 0, 19.110000000000188, 0, 0, 0]}}