{"statistics": {"successpercentage": [7.000000000000001, 10.0, 7.000000000000001, 17.5, 16.0, 19.5, 23.5, 13.5, 21.5, 28.499999999999996], "meanarrivaltime": [3.4667478918049133, 4.53930624901534, 9.795600931588448, 5.0307081327858825, 6.220950686139131, 5.150717809573891, 3.9069508132643462, 5.235188628930279, 4.102419889902245, 4.252023145875424], "minarrivaltime": [6.999999999999895, 11.249999999999805, 10.379999999999823, 6.699999999999902, 6.859999999999898, 6.409999999999908, 6.519999999999905, 12.37999999999978, 5.759999999999922, 6.429999999999907]}}