{"statistics": {"successpercentage": [4.0, 7.5, 14.000000000000002, 9.0, 13.5, 22.0, 20.5, 22.0, 17.5, 29.5], "meanarrivaltime": [8.664818318895293, 3.7174412318515504, 4.9337540208704125, 6.489648018106437, 6.407065740011856, 4.221930764234319, 4.059676153954544, 4.605343702117467, 5.876797004409364, 3.654009048178392], "minarrivaltime": [14.549999999999734, 8.139999999999871, 6.7599999999999, 13.37999999999976, 12.709999999999773, 7.059999999999894, 6.429999999999907, 7.5499999999998835, 11.569999999999798, 6.669999999999902]}}