{"statistics": {"successpercentage": [1.5, 7.000000000000001, 5.0, 12.5, 13.5, 23.5, 17.0, 30.0, 24.5, 19.0], "meanarrivaltime": [7.1801883588252755, 5.938146093588388, 8.678903787170928, 4.097777278741078, 9.019929775570548, 5.427516964988767, 6.264957850205793, 3.753924389023495, 3.9191416558360417, 8.115847647219034], "minarrivaltime": [13.969999999999747, 6.689999999999902, 12.489999999999778, 6.089999999999915, 7.559999999999883, 5.739999999999922, 5.5299999999999265, 5.84999999999992, 5.319999999999931, 9.939999999999833]}}