{"statistics": {"successpercentage": [9.5, 20.0, 24.0, 24.5, 24.0, 24.5, 24.0, 24.5, 45.5, 33.0], "meanarrivaltime": [6.718123867037036, 4.804667772418414, 3.454445567321582, 4.842006656020481, 3.9538659650979255, 3.513515916114572, 3.887325671282404, 4.842864718525011, 2.9840940870136374, 3.7979478590570195], "minarrivaltime": [13.939999999999747, 8.469999999999864, 9.039999999999852, 7.4999999999998845, 7.9699999999998745, 8.419999999999865, 7.879999999999876, 7.999999999999874, 7.169999999999892, 7.209999999999891]}}