{"statistics": {"successpercentage": [1.5, 1.5, 1.0, 2.5, 6.0, 6.0, 16.0, 15.0, 15.0, 15.0], "meanarrivaltime": [3.8856090001715926, 3.9672789192596007, 3.140319231473347, 4.136568031894288, 4.072655980611711, 3.5033726893547965, 3.6077481872616155, 3.4929988386789614, 3.563729569140738, 3.7165961811601043], "minarrivaltime": [18.10000000000003, 18.960000000000164, 17.39999999999992, 18.380000000000074, 16.10999999999972, 16.459999999999773, 11.529999999999799, 11.589999999999797, 14.689999999999731, 14.349999999999739]}}