{"statistics": {"successpercentage": [7.000000000000001, 15.0, 16.5, 22.0, 27.500000000000004, 25.5, 31.0, 22.5, 32.5, 23.0], "meanarrivaltime": [4.220331478680776, 3.659356361978252, 4.4581662168123675, 3.9580249103394576, 3.8528708339066142, 3.7670506180405505, 3.2204285347931485, 3.255129214910341, 3.824014577094195, 4.741731991319689], "minarrivaltime": [10.109999999999829, 9.879999999999834, 8.769999999999857, 8.20999999999987, 7.469999999999885, 7.449999999999886, 7.809999999999878, 7.149999999999892, 6.879999999999898, 8.479999999999864]}}