{"statistics": {"successpercentage": [7.5, 11.0, 10.0, 17.5, 29.5, 16.5, 27.0, 30.0, 28.000000000000004, 24.0], "meanarrivaltime": [4.257895057220845, 5.0327340973288, 6.092319197144919, 4.854362429705243, 4.361469605084054, 5.921787629544888, 5.395725436634608, 3.753951802341697, 5.4019659886250215, 5.157539141784267], "minarrivaltime": [7.6399999999998816, 7.159999999999892, 11.999999999999789, 6.6099999999999035, 7.099999999999893, 7.989999999999874, 8.049999999999873, 6.549999999999905, 6.599999999999904, 6.689999999999902]}}