{"statistics": {"successpercentage": [4.0, 6.0, 8.5, 14.000000000000002, 11.5, 16.0, 11.0, 18.0, 34.0, 31.0], "meanarrivaltime": [6.537668148714603, 5.267320743292093, 4.645661474019013, 6.116806262754777, 5.211836469519517, 4.041537004875906, 3.9376078869500204, 3.7590951165925484, 3.739459483711981, 4.290219742341829], "minarrivaltime": [11.249999999999805, 9.759999999999836, 14.979999999999725, 14.419999999999737, 9.11999999999985, 10.54999999999982, 13.489999999999757, 8.559999999999862, 7.569999999999883, 8.089999999999872]}}