{"statistics": {"successpercentage": [7.000000000000001, 9.5, 16.0, 23.0, 16.5, 10.0, 36.0, 32.0, 22.5, 26.0], "meanarrivaltime": [11.407074088987196, 8.95302655859381, 5.496907396591608, 4.670086138722782, 6.300933513303851, 9.56762249499552, 4.040067043724032, 5.28360999126564, 7.14093611300804, 4.038418684498267], "minarrivaltime": [11.099999999999808, 5.779999999999921, 5.659999999999924, 5.34999999999993, 8.829999999999856, 5.289999999999932, 5.129999999999935, 4.839999999999941, 4.8299999999999415, 5.209999999999933]}}