{"statistics": {"successpercentage": [0.0, 0.0, 0.0, 0.0, 0.0, 0.0, 0.0, 1.0, 0.5, 0.0], "meanarrivaltime": [0, 0, 0, 0, 0, 0, 0, 1.7146610946547942, 1.6903094177599092, 0], "minarrivaltime": [0, 0, 0, 0, 0, 0, 0, 19.240000000000208, 19.810000000000297, 0]}}