{"statistics": {"successpercentage": [8.5, 16.5, 14.499999999999998, 7.000000000000001, 26.0, 18.5, 28.999999999999996, 20.0, 30.5, 20.0], "meanarrivaltime": [7.765226307099702, 9.399531912428506, 5.623886143387087, 7.163717338451327, 8.228074010327616, 6.633445381304597, 3.07725115249247, 8.599216230330097, 3.4177049343888934, 7.253193571522924], "minarrivaltime": [7.609999999999882, 7.0299999999998946, 10.139999999999828, 5.959999999999917, 10.219999999999827, 6.2799999999999105, 5.5799999999999255, 5.989999999999917, 5.229999999999933, 5.299999999999931]}}