{"statistics": {"successpercentage": [1.0, 5.5, 14.499999999999998, 16.0, 22.0, 18.5, 16.5, 27.500000000000004, 27.500000000000004, 20.5], "meanarrivaltime": [4.711004476345641, 4.071535662707021, 3.418042300072338, 3.3747791143250088, 3.1098803828213204, 3.4221954125222567, 2.722266339364317, 3.1960697624788277, 3.031130736167678, 3.5931337317284084], "minarrivaltime": [19.71000000000028, 12.729999999999773, 10.749999999999815, 13.439999999999758, 11.879999999999791, 12.39999999999978, 14.199999999999742, 10.209999999999827, 10.98999999999981, 11.829999999999792]}}