{"statistics": {"successpercentage": [6.0, 11.5, 12.0, 25.0, 30.0, 36.0, 33.0, 40.5, 32.5, 28.499999999999996], "meanarrivaltime": [4.272728194336888, 3.075734900962454, 4.131460527825656, 3.57881313556235, 3.211049334422556, 2.6277754193747254, 2.8693866962729286, 2.513640991461245, 2.92165079884281, 2.8300745501672298], "minarrivaltime": [14.329999999999739, 12.539999999999777, 13.519999999999756, 10.729999999999816, 10.07999999999983, 10.55999999999982, 9.669999999999838, 9.61999999999984, 9.639999999999839, 9.339999999999845]}}