{"statistics": {"successpercentage": [2.5, 17.0, 17.0, 30.0, 22.5, 41.0, 33.5, 35.0, 23.5, 42.0], "meanarrivaltime": [4.2700750438005475, 3.3288658299643528, 3.8248638415533898, 3.3843815261489367, 3.304497262645656, 2.7472552352110244, 3.06161261297915, 2.603963177382154, 3.1069994235564002, 2.2950461707608953], "minarrivaltime": [17.219999999999892, 14.139999999999743, 10.899999999999812, 9.869999999999834, 11.059999999999809, 9.479999999999842, 10.04999999999983, 9.54999999999984, 9.069999999999851, 8.909999999999854]}}