{"statistics": {"successpercentage": [7.000000000000001, 10.5, 19.5, 30.0, 29.5, 22.0, 27.0, 34.0, 31.0, 39.0], "meanarrivaltime": [9.266244183919365, 6.387509982453649, 4.16839581380245, 5.011073651976011, 3.6775261707737408, 5.9707057870338, 5.00760286088716, 3.3963827379644345, 3.337817465573936, 3.3042040318947987], "minarrivaltime": [7.209999999999891, 7.529999999999884, 5.81999999999992, 5.499999999999927, 5.909999999999918, 6.3299999999999095, 6.409999999999908, 5.959999999999917, 5.709999999999923, 5.469999999999928]}}