{"statistics": {"successpercentage": [8.5, 13.0, 10.0, 19.0, 26.0, 10.5, 32.0, 37.5, 20.0, 30.0], "meanarrivaltime": [5.440951715411067, 4.652805094936904, 7.3952586977048185, 5.606771355630644, 5.401095306288865, 7.8667118613684535, 4.644300605737393, 5.267007529227057, 6.666770016824316, 4.45245961825258], "minarrivaltime": [5.879999999999919, 5.609999999999925, 5.469999999999928, 5.429999999999929, 5.2499999999999325, 11.199999999999806, 5.029999999999937, 5.199999999999934, 5.089999999999936, 4.649999999999945]}}