{"statistics": {"successpercentage": [12.0, 16.5, 18.5, 24.5, 30.0, 34.0, 39.0, 43.0, 37.5, 44.0], "meanarrivaltime": [4.956995174079736, 4.29588688222611, 4.039952971228847, 4.480819897699683, 2.9669027550885736, 3.7025463319708507, 3.364568872243535, 3.1712578514767378, 2.7114215650637132, 2.7042117526710907], "minarrivaltime": [9.789999999999836, 10.359999999999824, 8.579999999999862, 8.229999999999869, 7.72999999999988, 7.789999999999878, 7.109999999999893, 7.379999999999887, 7.399999999999887, 7.099999999999893]}}