{"statistics": {"successpercentage": [8.0, 9.0, 11.5, 17.0, 20.0, 13.0, 24.0, 25.0, 25.0, 20.0], "meanarrivaltime": [5.685260442442117, 4.542479514252244, 4.700111287545706, 5.275212141818624, 4.034056651823527, 6.007304980105693, 3.29393450082069, 4.728932594855583, 3.939553051891287, 4.546822238591537], "minarrivaltime": [8.15999999999987, 7.159999999999892, 7.5499999999998835, 7.72999999999988, 7.949999999999875, 6.349999999999909, 6.809999999999899, 6.349999999999909, 6.729999999999901, 6.3299999999999095]}}