{"statistics": {"successpercentage": [5.0, 9.5, 10.5, 20.0, 18.5, 20.0, 27.500000000000004, 24.0, 31.0, 34.5], "meanarrivaltime": [9.197022398793223, 6.275213659734755, 3.7849214608072157, 3.9825432217066163, 4.009938822318753, 7.194627437926154, 3.7212805611682596, 4.928567500780303, 3.3943258198382487, 3.2080608492393243], "minarrivaltime": [7.6399999999998816, 7.439999999999886, 6.719999999999901, 5.989999999999917, 6.3299999999999095, 6.219999999999912, 6.069999999999915, 6.109999999999914, 5.949999999999918, 5.539999999999926]}}