{"statistics": {"successpercentage": [4.5, 13.5, 14.000000000000002, 18.0, 17.0, 22.0, 18.0, 21.0, 30.0, 12.5], "meanarrivaltime": [10.714730274940388, 5.561941884470738, 4.759120085293029, 5.098224344077783, 4.312773896386859, 4.573229468858761, 7.651352830938303, 3.962878245745265, 4.074649230905431, 7.580409365402387], "minarrivaltime": [9.529999999999841, 6.31999999999991, 6.259999999999911, 5.489999999999927, 5.239999999999933, 5.429999999999929, 5.049999999999937, 4.979999999999938, 5.309999999999931, 6.029999999999916]}}