{"statistics": {"successpercentage": [2.5, 3.5000000000000004, 8.0, 8.0, 6.0, 16.0, 20.0, 13.0, 15.0, 22.0], "meanarrivaltime": [6.192841414509855, 11.38530052626663, 4.06634433303553, 4.334116939503844, 6.710200778359057, 4.7438121966966955, 5.124090823145032, 8.681240886276772, 4.044104684178913, 3.8715746685314967], "minarrivaltime": [13.579999999999755, 13.089999999999765, 11.00999999999981, 6.849999999999898, 12.189999999999785, 6.159999999999913, 5.899999999999919, 10.789999999999814, 5.619999999999925, 5.989999999999917]}}