{"statistics": {"successpercentage": [2.5, 12.5, 25.0, 31.0, 25.5, 27.500000000000004, 32.0, 41.0, 36.0, 40.5], "meanarrivaltime": [4.75920259379785, 3.5057663194395245, 3.5507752320318415, 3.4772354867003976, 3.363084906931778, 3.2894541779140107, 3.137314994607866, 2.7597008095202114, 2.452497534817137, 2.248533001120348], "minarrivaltime": [19.31000000000022, 12.769999999999772, 11.269999999999804, 11.079999999999808, 9.59999999999984, 10.759999999999815, 10.03999999999983, 9.349999999999845, 8.939999999999854, 8.839999999999856]}}