{"statistics": {"successpercentage": [4.0, 9.5, 14.000000000000002, 18.0, 20.5, 22.5, 13.0, 32.5, 31.5, 37.5], "meanarrivaltime": [7.292183123309339, 6.3562239474321345, 4.872363189671002, 6.952412728320926, 4.205558788096759, 7.804150840443272, 6.860481423582728, 3.0600784206715606, 3.7034886921231056, 2.653377410300388], "minarrivaltime": [8.579999999999862, 7.799999999999878, 6.559999999999905, 6.079999999999915, 6.429999999999907, 6.599999999999904, 7.319999999999888, 5.989999999999917, 5.729999999999922, 5.599999999999925]}}