{"statistics": {"successpercentage": [5.5, 7.5, 15.5, 15.5, 21.0, 14.000000000000002, 19.5, 17.0, 35.0, 35.0], "meanarrivaltime": [9.842377916415872, 4.462176378741419, 4.315394175106362, 4.645243626683712, 4.658790587142298, 7.560511913245234, 6.955172136913698, 6.465755395873861, 3.012285573219684, 3.5107478783062755], "minarrivaltime": [13.469999999999757, 13.509999999999756, 7.169999999999892, 6.489999999999906, 6.219999999999912, 10.01999999999983, 6.9399999999998965, 6.029999999999916, 5.759999999999922, 5.899999999999919]}}