{"statistics": {"successpercentage": [8.5, 6.0, 12.5, 22.5, 18.5, 25.5, 30.0, 40.0, 35.5, 21.0], "meanarrivaltime": [7.959284907336324, 10.337636137645301, 6.462025266227795, 3.880970124662966, 7.720011504517002, 4.452926865376506, 3.5472694832895764, 3.365096480282935, 4.043422168632486, 5.720443039673599], "minarrivaltime": [11.539999999999798, 11.4999999999998, 5.599999999999925, 5.779999999999921, 5.429999999999929, 5.989999999999917, 5.34999999999993, 5.289999999999932, 5.3899999999999295, 5.34999999999993]}}