{"statistics": {"successpercentage": [3.0, 9.0, 27.500000000000004, 26.0, 20.5, 33.0, 33.0, 35.0, 24.0, 33.5], "meanarrivaltime": [3.848016713426327, 4.249135430202886, 3.3009131162641605, 3.57019243395391, 3.2138025081172876, 3.309126510187291, 3.1068902676846637, 2.795633337498719, 3.505395833661342, 2.7297211169064113], "minarrivaltime": [16.679999999999808, 14.639999999999732, 11.819999999999792, 10.339999999999824, 10.229999999999826, 10.739999999999815, 8.829999999999856, 9.54999999999984, 10.129999999999828, 9.309999999999846]}}