{"statistics": {"successpercentage": [5.0, 3.0, 2.5, 12.0, 13.5, 15.0, 21.5, 23.0, 8.5, 22.0], "meanarrivaltime": [5.604926310556214, 6.411292402282346, 6.8819776762255245, 8.928382312918696, 3.8216479394020904, 5.119636566736511, 4.9891416303753084, 6.420911270538779, 6.737580072135307, 3.911340813501583], "minarrivaltime": [5.519999999999927, 12.989999999999768, 12.719999999999773, 6.359999999999909, 6.639999999999903, 6.599999999999904, 5.889999999999919, 5.82999999999992, 6.439999999999907, 6.039999999999916]}}