{"statistics": {"successpercentage": [10.5, 19.5, 12.0, 19.0, 23.0, 13.5, 38.0, 23.5, 26.5, 35.0], "meanarrivaltime": [4.56754323007065, 5.008072720745444, 7.022730380934675, 7.425225366839437, 7.791678209922191, 8.672409529386554, 3.6410560963471132, 4.85679228798887, 6.277852354613622, 3.190999715872283], "minarrivaltime": [5.889999999999919, 5.959999999999917, 5.909999999999918, 5.9999999999999165, 5.609999999999925, 5.82999999999992, 5.3899999999999295, 5.339999999999931, 5.36999999999993, 5.3899999999999295]}}