{"statistics": {"successpercentage": [2.0, 15.5, 20.0, 18.0, 24.0, 43.0, 34.5, 34.5, 35.0, 45.0], "meanarrivaltime": [4.003293545118399, 4.036719722732973, 3.044850134403193, 3.6367378579656133, 2.374869080308102, 2.834673995372744, 2.4305498757814537, 2.757978758584035, 2.7267224442860325, 2.529176454700386], "minarrivaltime": [14.099999999999744, 11.93999999999979, 10.859999999999813, 12.249999999999783, 14.399999999999737, 9.959999999999832, 11.4899999999998, 9.939999999999833, 9.14999999999985, 8.809999999999857]}}