{"statistics": {"successpercentage": [3.0, 8.5, 10.0, 16.5, 20.0, 16.5, 19.5, 18.0, 22.0, 33.0], "meanarrivaltime": [5.3422198609926435, 10.674452643384283, 12.479430413588101, 4.51947963767087, 5.344354645546966, 4.730550216590616, 3.9890015419512803, 5.6052745052874355, 8.797135285783797, 3.3214000058444775], "minarrivaltime": [11.96999999999979, 7.319999999999888, 10.379999999999823, 5.319999999999931, 5.409999999999929, 5.259999999999932, 5.4399999999999284, 5.219999999999933, 5.099999999999936, 5.309999999999931]}}