{"statistics": {"successpercentage": [10.5, 12.0, 17.0, 23.0, 22.0, 23.5, 31.0, 11.5, 30.5, 28.499999999999996], "meanarrivaltime": [4.82692713233735, 4.381570795483899, 5.313780225060423, 3.971537090397509, 5.887512463173386, 4.780443234036246, 3.8854651485335405, 3.3723435638072266, 4.122222497808116, 4.060275447250334], "minarrivaltime": [12.289999999999782, 7.489999999999885, 7.789999999999878, 6.689999999999902, 7.519999999999884, 6.709999999999901, 6.669999999999902, 6.639999999999903, 6.819999999999899, 5.979999999999917]}}