{"statistics": {"successpercentage": [15.0, 21.5, 16.0, 20.0, 28.499999999999996, 36.5, 34.5, 35.5, 48.0, 44.5], "meanarrivaltime": [4.261550080980208, 5.574400927767931, 4.331331806883189, 4.457275851185046, 4.050878332087577, 3.3376570528354477, 3.369297479859953, 4.368843788327326, 2.8780177874770065, 2.7221807314802025], "minarrivaltime": [6.829999999999899, 6.559999999999905, 7.019999999999895, 6.629999999999903, 6.739999999999901, 6.409999999999908, 6.519999999999905, 6.28999999999991, 6.199999999999912, 5.969999999999917]}}