{"statistics": {"successpercentage": [9.0, 12.0, 21.0, 27.0, 18.0, 24.5, 34.0, 23.5, 22.5, 25.5], "meanarrivaltime": [13.598309448453632, 6.270782635741316, 5.510395100203304, 5.769873796784016, 4.670706492110487, 4.275892614601121, 4.813372002362365, 3.417810940927109, 6.792803980001177, 5.028969988619027], "minarrivaltime": [12.39999999999978, 5.879999999999919, 5.499999999999927, 5.559999999999926, 5.229999999999933, 5.409999999999929, 5.189999999999934, 5.049999999999937, 5.449999999999928, 5.229999999999933]}}