{"statistics": {"successpercentage": [5.5, 12.0, 11.5, 13.5, 12.0, 16.0, 25.0, 20.5, 13.0, 20.0], "meanarrivaltime": [5.273554922083376, 5.410432848702421, 4.672844913490517, 4.915384826940267, 4.008370404337779, 6.4295153234701425, 7.688516565065543, 6.637241115277932, 3.825481581316436, 6.193744478995268], "minarrivaltime": [10.07999999999983, 6.439999999999907, 7.529999999999884, 6.619999999999903, 6.429999999999907, 6.209999999999912, 6.599999999999904, 6.28999999999991, 11.669999999999796, 5.599999999999925]}}