{"statistics": {"successpercentage": [4.5, 1.5, 5.5, 8.0, 10.5, 12.5, 15.0, 18.0, 16.5, 18.5], "meanarrivaltime": [7.053923319880018, 4.588952070234439, 7.507267553648168, 4.930617321289912, 5.375057676488494, 5.072600951181247, 7.708817946446183, 4.043856799291314, 3.8541698987379513, 7.898924594070721], "minarrivaltime": [7.9699999999998745, 14.609999999999733, 11.93999999999979, 6.629999999999903, 6.669999999999902, 6.449999999999907, 7.099999999999893, 6.179999999999913, 7.089999999999893, 7.989999999999874]}}