{"statistics": {"successpercentage": [8.5, 13.5, 14.000000000000002, 23.0, 25.0, 28.000000000000004, 25.5, 23.5, 28.000000000000004, 20.5], "meanarrivaltime": [7.186249605427859, 7.137992870016033, 6.128086326676214, 3.469693429087575, 3.366771032750199, 4.227439776336914, 3.926403553206853, 4.291250418338862, 5.0040010656754035, 3.853145031985165], "minarrivaltime": [12.159999999999785, 9.219999999999848, 7.8299999999998775, 7.4999999999998845, 6.959999999999896, 6.559999999999905, 6.589999999999904, 6.589999999999904, 6.179999999999913, 6.249999999999911]}}