{"statistics": {"successpercentage": [10.0, 11.5, 19.0, 19.5, 15.5, 23.0, 26.0, 24.0, 39.5, 32.0], "meanarrivaltime": [5.322543465618815, 5.437508794508715, 5.786445411723954, 9.835880341460213, 7.445501030594554, 9.725660494434146, 4.6772120103253165, 6.191524881093641, 3.671927644633447, 4.3522503303305555], "minarrivaltime": [5.509999999999927, 5.499999999999927, 5.36999999999993, 5.619999999999925, 5.779999999999921, 5.459999999999928, 4.9699999999999385, 4.939999999999939, 5.309999999999931, 4.739999999999943]}}