{"statistics": {"successpercentage": [0.0, 0.0, 0.0, 0.0, 0.0, 0.0, 0.0, 0.0, 0.5, 0.0], "meanarrivaltime": [0, 0, 0, 0, 0, 0, 0, 0, 1.727118126905808, 0], "minarrivaltime": [0, 0, 0, 0, 0, 0, 0, 0, 19.44000000000024, 0]}}