{"statistics": {"successpercentage": [8.5, 14.499999999999998, 13.0, 20.5, 24.0, 25.0, 35.0, 32.5, 28.000000000000004, 18.0], "meanarrivaltime": [6.159639638851221, 4.588943073575848, 6.312661559046775, 6.65295362479871, 8.077805505672844, 3.9891815380460156, 3.5362495606331006, 5.845416003331958, 5.82030459399983, 5.419955398712589], "minarrivaltime": [5.459999999999928, 5.939999999999918, 5.499999999999927, 5.239999999999933, 5.2499999999999325, 4.989999999999938, 5.159999999999934, 5.279999999999932, 5.099999999999936, 4.939999999999939]}}