{"statistics": {"successpercentage": [5.5, 12.0, 12.5, 15.5, 27.500000000000004, 26.5, 34.0, 30.0, 46.5, 43.0], "meanarrivaltime": [4.103738673274282, 3.964583760511738, 3.732922136855838, 2.8884467993882543, 3.559357224502702, 3.249986652112194, 3.3156953183529034, 3.490067997370057, 2.950598210197896, 2.59569147096363], "minarrivaltime": [13.36999999999976, 13.229999999999762, 11.999999999999789, 11.4399999999998, 11.629999999999797, 11.069999999999808, 10.649999999999817, 10.749999999999815, 10.389999999999823, 9.339999999999845]}}