{"statistics": {"successpercentage": [15.0, 18.0, 25.5, 25.5, 28.000000000000004, 15.5, 29.5, 28.999999999999996, 25.5, 33.5], "meanarrivaltime": [7.766935325194854, 5.91803520290823, 4.453689297056596, 3.685195279499319, 4.5507269574479015, 4.741463808317745, 4.915243734520991, 3.464185195318881, 4.64383030674546, 3.12422752266409], "minarrivaltime": [12.349999999999781, 7.199999999999891, 6.7699999999999, 6.639999999999903, 6.589999999999904, 7.0299999999998946, 6.3299999999999095, 6.149999999999913, 6.639999999999903, 6.149999999999913]}}