{"statistics": {"successpercentage": [17.5, 10.5, 13.5, 25.0, 26.0, 31.5, 27.0, 26.0, 22.5, 35.0], "meanarrivaltime": [8.353489775917438, 5.675124615353893, 7.600313439145307, 3.6627318585869273, 4.119967072605129, 4.8185560985336595, 4.107185611541257, 3.2981600536073454, 6.179768361524135, 2.982322266116732], "minarrivaltime": [6.7999999999998995, 6.559999999999905, 9.14999999999985, 6.199999999999912, 6.229999999999912, 5.869999999999919, 5.619999999999925, 5.84999999999992, 6.9399999999998965, 5.649999999999924]}}