{"statistics": {"successpercentage": [2.0, 5.0, 16.0, 10.0, 15.5, 17.0, 18.0, 27.500000000000004, 14.499999999999998, 23.0], "meanarrivaltime": [6.577494959741386, 5.32545944802737, 6.854591179773645, 4.70679134665558, 5.4251110641787745, 4.917774543331746, 3.564642882792759, 4.227818637714739, 5.9277180659407485, 5.343386845522169], "minarrivaltime": [11.279999999999804, 12.129999999999786, 5.699999999999923, 5.4399999999999284, 5.36999999999993, 5.879999999999919, 5.419999999999929, 5.199999999999934, 5.029999999999937, 5.279999999999932]}}