{"statistics": {"successpercentage": [6.0, 3.5000000000000004, 2.0, 6.5, 12.5, 15.0, 18.5, 18.0, 20.0, 18.0], "meanarrivaltime": [6.0720273033414, 4.457128276008255, 4.118680295433736, 4.7776455712895745, 5.508232561677102, 3.2753805600199515, 3.6598966180700674, 4.644164930230343, 4.553522577748496, 3.94481694998189], "minarrivaltime": [14.27999999999974, 13.029999999999767, 17.429999999999925, 11.689999999999795, 13.529999999999756, 9.12999999999985, 7.479999999999885, 8.64999999999986, 13.429999999999758, 7.879999999999876]}}