{"statistics": {"successpercentage": [4.5, 7.5, 5.0, 3.0, 15.0, 17.5, 21.5, 22.0, 13.5, 22.0], "meanarrivaltime": [4.426311426463336, 5.6262275335215675, 8.86422590093061, 6.446850456701152, 7.148498570989868, 4.302175974244784, 3.882673660782845, 4.475658273400479, 5.710322205797364, 4.087459020593686], "minarrivaltime": [5.899999999999919, 12.639999999999775, 13.78999999999975, 12.589999999999776, 6.409999999999908, 6.639999999999903, 6.479999999999906, 5.729999999999922, 6.109999999999914, 5.889999999999919]}}