{"statistics": {"successpercentage": [7.000000000000001, 9.0, 13.0, 19.5, 22.0, 23.0, 24.0, 32.5, 30.5, 33.5], "meanarrivaltime": [7.498772400551299, 7.038978218113519, 4.501101812411249, 4.355455455881587, 3.2022828932925815, 3.7385480782942913, 3.459013870445696, 3.8376785953514236, 3.21093000493621, 3.772273978131741], "minarrivaltime": [7.319999999999888, 5.929999999999918, 5.5299999999999265, 5.519999999999927, 6.009999999999916, 5.229999999999933, 5.399999999999929, 5.129999999999935, 4.869999999999941, 4.869999999999941]}}