{"statistics": {"successpercentage": [3.0, 12.0, 12.5, 11.0, 13.5, 13.5, 21.0, 10.0, 14.499999999999998, 25.0], "meanarrivaltime": [10.667423155070848, 4.145150832606563, 5.42431250802354, 4.849406632557665, 8.019012301229306, 4.4767845459075994, 5.123854730227351, 7.83642320823068, 3.7015166329346303, 4.035377967656478], "minarrivaltime": [12.199999999999784, 6.30999999999991, 6.079999999999915, 6.429999999999907, 11.589999999999797, 7.609999999999882, 5.629999999999924, 10.579999999999819, 5.739999999999922, 5.499999999999927]}}