{"statistics": {"successpercentage": [3.5000000000000004, 19.5, 17.0, 19.0, 15.5, 23.0, 35.0, 19.5, 19.0, 19.5], "meanarrivaltime": [9.666440634204426, 8.378226259570852, 8.324089835842097, 7.0446950650640385, 4.446536525368775, 3.696903783143037, 3.1959747000969676, 6.473700509964712, 4.526001782311447, 4.22179998214168], "minarrivaltime": [10.409999999999823, 7.579999999999883, 6.369999999999909, 6.6099999999999035, 6.6099999999999035, 6.569999999999904, 5.969999999999917, 5.939999999999918, 5.649999999999924, 6.339999999999909]}}