{"statistics": {"successpercentage": [6.5, 10.5, 15.5, 13.0, 17.0, 21.5, 13.0, 33.0, 28.499999999999996, 29.5], "meanarrivaltime": [6.135650880697859, 4.44402094079694, 6.091080423289592, 6.807883387896014, 5.331691581118567, 4.966829172061177, 5.980799165767351, 3.9418582897147156, 3.6471016792870037, 5.5511934762485176], "minarrivaltime": [8.429999999999865, 9.939999999999833, 8.299999999999867, 9.509999999999842, 6.809999999999899, 9.389999999999844, 7.109999999999893, 6.419999999999908, 6.349999999999909, 7.4099999999998865]}}