{"statistics": {"successpercentage": [3.0, 8.0, 4.0, 7.000000000000001, 11.5, 8.0, 15.5, 15.0, 17.5, 27.500000000000004], "meanarrivaltime": [3.7726798127935237, 4.44443931188081, 3.7981394765791188, 5.429352216107469, 4.320047333683638, 3.9702737616631976, 4.02824548089651, 3.5929591551627893, 4.654338048679229, 3.994267610207253], "minarrivaltime": [12.589999999999776, 8.899999999999855, 15.049999999999724, 13.979999999999746, 8.859999999999856, 14.369999999999738, 8.19999999999987, 9.449999999999843, 13.80999999999975, 8.21999999999987]}}