{"statistics": {"successpercentage": [4.0, 10.5, 4.5, 11.0, 16.0, 16.5, 15.0, 16.0, 11.0, 14.499999999999998], "meanarrivaltime": [5.113846616821439, 11.687408552320933, 9.055647807241648, 6.5867557756588155, 7.415895318910097, 4.939028773244535, 3.6438478191987422, 5.365223935969607, 7.3979497072571485, 6.5662618697597335], "minarrivaltime": [7.159999999999892, 12.539999999999777, 12.39999999999978, 5.519999999999927, 5.649999999999924, 6.2799999999999105, 5.619999999999925, 5.149999999999935, 9.08999999999985, 5.479999999999928]}}