{"statistics": {"successpercentage": [2.0, 1.0, 5.5, 8.0, 16.0, 11.5, 10.5, 17.5, 27.500000000000004, 12.0], "meanarrivaltime": [6.162798811194648, 12.393783877828895, 12.102152348677304, 4.4257920373892015, 4.997390255380287, 4.0311537433339195, 9.987564981089976, 4.960801178758664, 4.27934944524081, 5.945555917224438], "minarrivaltime": [13.729999999999752, 12.36999999999978, 11.109999999999808, 6.159999999999913, 5.639999999999924, 6.409999999999908, 9.13999999999985, 5.489999999999927, 4.999999999999938, 9.019999999999852]}}