{"statistics": {"successpercentage": [2.0, 1.0, 1.5, 1.5, 2.5, 13.0, 10.5, 19.0, 19.5, 25.0], "meanarrivaltime": [4.017274314702978, 2.8712817229900462, 3.450643094987044, 3.8686364703446094, 3.5722799652088257, 3.657346002845628, 3.607331436229684, 3.067478007122969, 3.758865357630854, 3.220338181876156], "minarrivaltime": [12.259999999999783, 18.5500000000001, 19.12000000000019, 15.039999999999724, 19.040000000000177, 11.339999999999803, 15.729999999999709, 11.94999999999979, 13.35999999999976, 10.739999999999815]}}