{"statistics": {"successpercentage": [5.5, 6.0, 5.0, 18.5, 17.0, 29.5, 23.0, 27.500000000000004, 28.000000000000004, 27.0], "meanarrivaltime": [5.1985927280106266, 8.817998753541413, 9.783132828455626, 4.3582529625066995, 6.521946013471575, 4.4094033041931615, 3.558186858014772, 4.3030510211684705, 3.49330625732149, 5.158360772407992], "minarrivaltime": [6.579999999999904, 6.169999999999913, 10.629999999999818, 5.409999999999929, 5.3899999999999295, 5.509999999999927, 5.5799999999999255, 5.799999999999921, 5.499999999999927, 5.299999999999931]}}