{"statistics": {"successpercentage": [9.5, 18.0, 15.0, 17.5, 29.5, 21.0, 21.5, 24.5, 33.0, 26.5], "meanarrivaltime": [4.932839232298564, 4.707009157573254, 6.9339785949974475, 8.05147767558996, 3.346238330318545, 5.7957702403696025, 5.243658465298081, 5.604946773224071, 3.3326608933455644, 4.246648340359211], "minarrivaltime": [7.70999999999988, 6.079999999999915, 5.699999999999923, 5.9999999999999165, 5.709999999999923, 5.289999999999932, 6.559999999999905, 5.229999999999933, 5.159999999999934, 5.039999999999937]}}