{"statistics": {"successpercentage": [11.0, 17.0, 15.0, 21.5, 27.0, 26.5, 31.5, 39.0, 41.5, 45.0], "meanarrivaltime": [4.935839290132612, 5.120241298897282, 5.337218282113093, 4.768129353902645, 4.381922540958588, 3.7099170248563893, 3.077532159584609, 3.787633230791865, 3.193628846193835, 3.2065147480347442], "minarrivaltime": [8.859999999999856, 9.439999999999843, 11.4599999999998, 9.009999999999852, 7.71999999999988, 9.529999999999841, 7.909999999999876, 6.929999999999897, 7.299999999999889, 7.0799999999998935]}}