{"statistics": {"successpercentage": [5.5, 5.5, 6.5, 19.0, 11.5, 11.0, 23.0, 30.0, 23.5, 21.0], "meanarrivaltime": [5.8274034242468415, 5.044601816039251, 6.709777656550416, 4.331286582314179, 3.5368391899514178, 6.510748074941954, 3.659993928226132, 4.0277499404682455, 3.8832896340041967, 3.995129959568262], "minarrivaltime": [11.699999999999795, 9.499999999999842, 8.62999999999986, 7.429999999999886, 6.679999999999902, 6.949999999999896, 6.2799999999999105, 6.179999999999913, 5.699999999999923, 7.739999999999879]}}