{"statistics": {"successpercentage": [2.0, 2.5, 3.5000000000000004, 7.000000000000001, 11.0, 12.5, 14.499999999999998, 7.5, 20.0, 21.5], "meanarrivaltime": [6.279286608391886, 6.475562050717966, 9.163949599706738, 4.723429988473994, 4.178223815716012, 4.283800365992984, 5.359594101609945, 6.434493408242258, 8.128234885503973, 4.339067987677291], "minarrivaltime": [6.519999999999905, 12.089999999999787, 12.36999999999978, 7.479999999999885, 11.359999999999802, 5.37999999999993, 6.0499999999999154, 10.719999999999816, 8.959999999999853, 6.339999999999909]}}