{"statistics": {"successpercentage": [11.5, 13.5, 18.0, 26.0, 32.0, 36.0, 39.0, 34.0, 30.0, 41.5], "meanarrivaltime": [4.739130818151, 5.31192955420188, 4.291142148108417, 4.987974255228995, 3.656317271171246, 3.544172825085573, 3.294127587741793, 3.3992241941246073, 3.7717391185137052, 2.9350751725178705], "minarrivaltime": [9.019999999999852, 9.769999999999836, 8.989999999999853, 8.009999999999874, 7.569999999999883, 8.089999999999872, 7.619999999999882, 7.69999999999988, 7.369999999999887, 7.3599999999998875]}}