{"statistics": {"successpercentage": [10.0, 8.0, 6.0, 21.5, 33.0, 24.5, 21.5, 18.5, 30.5, 35.0], "meanarrivaltime": [4.5438310727704785, 11.067562463110159, 7.658895021330115, 3.7894751083193023, 4.894218837139015, 3.9804494280192335, 3.3812663039440345, 6.828740171610047, 4.28162353183766, 3.9821852677262917], "minarrivaltime": [5.269999999999932, 8.18999999999987, 5.889999999999919, 5.209999999999933, 5.2499999999999325, 5.099999999999936, 5.0599999999999365, 5.499999999999927, 5.2499999999999325, 4.809999999999942]}}