{"statistics": {"successpercentage": [5.5, 9.0, 16.0, 11.5, 15.5, 20.0, 22.0, 28.000000000000004, 28.499999999999996, 34.5], "meanarrivaltime": [3.136962710709115, 4.16394620814503, 5.086665829247775, 4.007472984363148, 4.433121514847859, 4.9880088846185675, 3.7054943264454083, 3.0344668487966504, 3.2146909719075136, 3.620647322190547], "minarrivaltime": [13.899999999999748, 10.209999999999827, 8.089999999999872, 14.859999999999728, 9.279999999999847, 8.249999999999869, 7.999999999999874, 7.509999999999884, 8.049999999999873, 7.949999999999875]}}