{"statistics": {"successpercentage": [0.0, 0.0, 0.0, 0.0, 0.0, 0.0, 0.0, 0.0, 0.5, 0.5], "meanarrivaltime": [0, 0, 0, 0, 0, 0, 0, 0, 1.7320419226635082, 1.703828259804693], "minarrivaltime": [0, 0, 0, 0, 0, 0, 0, 0, 19.95000000000032, 19.77000000000029]}}