{"statistics": {"successpercentage": [4.5, 4.0, 12.5, 15.0, 19.0, 27.500000000000004, 24.5, 23.0, 32.0, 28.000000000000004], "meanarrivaltime": [5.148459179795274, 4.648507148281197, 4.892133981230111, 3.5472660419564153, 4.658353173102118, 4.3241614743811745, 5.548444555791092, 7.319490923693191, 4.132710814205367, 4.613709717167274], "minarrivaltime": [13.109999999999765, 8.309999999999867, 11.419999999999801, 6.109999999999914, 6.699999999999902, 6.069999999999915, 5.759999999999922, 6.829999999999899, 6.019999999999916, 5.629999999999924]}}