{"statistics": {"successpercentage": [0.0, 0.0, 0.0, 0.0, 0.0, 0.0, 0.0, 0.0, 0.0, 0.5], "meanarrivaltime": [0, 0, 0, 0, 0, 0, 0, 0, 0, 1.6708798243412155], "minarrivaltime": [0, 0, 0, 0, 0, 0, 0, 0, 0, 19.39000000000023]}}