{"statistics": {"successpercentage": [8.0, 7.000000000000001, 5.0, 20.0, 14.000000000000002, 19.5, 19.0, 21.0, 30.0, 30.5], "meanarrivaltime": [3.8795064134786004, 6.645384507976528, 5.674393260754146, 3.9159345091905435, 3.766991639548131, 5.572590224904599, 6.146465246515432, 5.547094043604751, 3.0002968364208766, 3.7005439327437455], "minarrivaltime": [13.709999999999752, 12.799999999999772, 6.259999999999911, 8.489999999999863, 8.989999999999853, 11.90999999999979, 7.039999999999894, 7.609999999999882, 6.599999999999904, 6.699999999999902]}}