{"statistics": {"successpercentage": [5.0, 5.5, 7.5, 8.0, 10.5, 15.0, 15.0, 15.5, 17.0, 15.0], "meanarrivaltime": [5.960687486588215, 6.927329913113385, 7.122927989172143, 5.46202733936684, 7.712129438124528, 4.194081445673975, 5.109386949902423, 5.933083587621475, 7.5458560080537875, 8.6473457587575], "minarrivaltime": [6.979999999999896, 8.64999999999986, 11.839999999999792, 12.159999999999785, 12.039999999999788, 5.699999999999923, 6.209999999999912, 11.4399999999998, 6.30999999999991, 10.96999999999981]}}