{"statistics": {"successpercentage": [6.5, 16.5, 9.5, 8.0, 15.5, 17.5, 27.0, 14.000000000000002, 28.999999999999996, 28.499999999999996], "meanarrivaltime": [9.226115945046319, 4.894875332508656, 5.039561355309938, 9.089199626671348, 3.5393062519391916, 9.542266079494718, 4.918087499439339, 7.512472403344013, 3.7586670677761225, 3.4789597397586687], "minarrivaltime": [11.819999999999792, 6.059999999999915, 5.779999999999921, 6.549999999999905, 6.249999999999911, 5.689999999999923, 5.019999999999937, 5.679999999999923, 5.069999999999936, 5.009999999999938]}}