{"statistics": {"successpercentage": [13.0, 12.0, 19.5, 24.5, 17.0, 28.999999999999996, 22.5, 26.5, 27.500000000000004, 19.5], "meanarrivaltime": [7.055886663999444, 4.764063321101689, 4.6062150317931, 4.04081925300833, 5.1062720263913075, 4.413789753964246, 4.724507415748945, 5.251081381561026, 4.701302210697211, 5.842119432206035], "minarrivaltime": [11.96999999999979, 7.649999999999881, 7.069999999999894, 6.439999999999907, 6.30999999999991, 6.679999999999902, 9.11999999999985, 6.569999999999904, 6.359999999999909, 6.699999999999902]}}