{"statistics": {"successpercentage": [1.5, 2.5, 3.0, 5.5, 1.5, 8.0, 7.000000000000001, 6.0, 9.0, 8.5], "meanarrivaltime": [5.84240793112933, 3.3047682790766557, 4.368067959673286, 3.5161105298861868, 3.7165001409632175, 5.512585773632156, 5.923238646581699, 3.990206641000006, 6.4522492938062745, 3.7454251409171593], "minarrivaltime": [9.58999999999984, 14.959999999999726, 15.609999999999712, 13.069999999999766, 10.649999999999817, 8.729999999999858, 13.669999999999753, 13.759999999999751, 14.039999999999745, 7.9699999999998745]}}