{"statistics": {"successpercentage": [1.5, 1.5, 5.0, 4.5, 6.5, 7.5, 14.000000000000002, 6.5, 13.0, 10.5], "meanarrivaltime": [3.360007241755167, 10.88730578201689, 6.642591567219428, 3.947247507310958, 5.765803677941469, 6.877936052640266, 9.530699030204257, 9.274736255521876, 5.817751349340581, 8.6693918795634], "minarrivaltime": [8.109999999999872, 14.009999999999746, 6.7499999999999005, 5.959999999999917, 7.009999999999895, 9.389999999999844, 6.879999999999898, 8.569999999999862, 9.429999999999843, 6.919999999999897]}}