{"statistics": {"successpercentage": [5.0, 11.5, 14.000000000000002, 6.0, 18.5, 19.0, 25.0, 21.0, 21.0, 26.0], "meanarrivaltime": [3.4685177716004154, 5.516091962288195, 5.836783647022722, 4.453450859336509, 4.470680440126066, 4.2350031526529435, 3.3793327259296144, 3.7603756079405977, 3.0781770547322544, 3.497390091958405], "minarrivaltime": [13.699999999999752, 8.539999999999862, 10.689999999999817, 14.889999999999727, 8.469999999999864, 7.669999999999881, 8.319999999999867, 7.809999999999878, 7.389999999999887, 7.629999999999882]}}