{"statistics": {"successpercentage": [4.0, 5.5, 9.0, 9.5, 13.0, 14.499999999999998, 26.0, 22.0, 10.0, 20.5], "meanarrivaltime": [5.189881511868446, 6.126651837829996, 9.583579776948469, 10.290273189610678, 3.967906131719607, 5.118623367209441, 4.542934010593594, 4.075771098263792, 8.695984747183372, 3.90561294403088], "minarrivaltime": [6.629999999999903, 12.37999999999978, 6.199999999999912, 7.299999999999889, 6.149999999999913, 5.209999999999933, 5.489999999999927, 5.37999999999993, 5.919999999999918, 5.499999999999927]}}