{"statistics": {"successpercentage": [7.000000000000001, 5.0, 16.0, 14.499999999999998, 18.5, 19.5, 23.0, 23.5, 22.5, 24.0], "meanarrivaltime": [12.929955601308405, 5.031232161335979, 5.79937704812373, 5.287805514881212, 8.790401386372064, 3.9885697215720484, 4.406039010316081, 8.156789892699353, 6.826825308545559, 7.316860048718795], "minarrivaltime": [11.289999999999804, 12.459999999999779, 5.5299999999999265, 5.37999999999993, 8.919999999999854, 4.989999999999938, 5.199999999999934, 5.279999999999932, 5.619999999999925, 5.5799999999999255]}}