{"statistics": {"successpercentage": [6.5, 4.5, 9.5, 21.5, 21.5, 21.0, 18.0, 21.5, 35.0, 26.0], "meanarrivaltime": [6.268519771351098, 4.743986881707331, 3.4547041546567114, 4.549164099783544, 5.587296453753219, 3.7939055213426736, 4.917711044496658, 6.255143078956953, 3.583985428771014, 4.32892830924215], "minarrivaltime": [8.599999999999861, 13.449999999999758, 7.519999999999884, 6.969999999999896, 12.029999999999788, 6.899999999999897, 6.479999999999906, 7.23999999999989, 6.259999999999911, 8.229999999999869]}}