{"statistics": {"successpercentage": [8.5, 8.0, 9.0, 19.0, 16.5, 11.0, 21.5, 16.0, 14.000000000000002, 28.499999999999996], "meanarrivaltime": [8.982012902564563, 5.341690388731692, 6.92901028480383, 4.953795205543245, 5.003090836209208, 5.121131254535097, 4.043696616147718, 9.16374759169557, 5.9148062379697555, 4.45672965045818], "minarrivaltime": [8.449999999999864, 6.539999999999905, 6.419999999999908, 5.949999999999918, 6.129999999999914, 10.259999999999826, 5.769999999999921, 10.169999999999828, 7.979999999999874, 5.569999999999926]}}