{"statistics": {"successpercentage": [11.0, 13.0, 11.0, 18.5, 27.500000000000004, 23.5, 25.0, 16.0, 31.5, 42.5], "meanarrivaltime": [6.704045242519831, 4.422177995088924, 5.444470713864113, 5.387517284024173, 4.158658232976281, 2.8783157405679356, 5.254133748724318, 4.661771971765389, 3.314159716829814, 3.2474712840886193], "minarrivaltime": [7.519999999999884, 7.4099999999998865, 7.099999999999893, 6.699999999999902, 7.749999999999879, 6.999999999999895, 7.279999999999889, 7.309999999999889, 6.149999999999913, 5.9999999999999165]}}