{"statistics": {"successpercentage": [4.5, 7.5, 11.0, 11.5, 11.5, 23.5, 21.0, 17.5, 21.5, 22.0], "meanarrivaltime": [4.179775370961804, 5.769964002574519, 5.6070237874507525, 5.6325231199542145, 4.369682208054033, 5.070773479690285, 3.6073704253058176, 3.4065307585238918, 3.6943286570593377, 3.481604032309144], "minarrivaltime": [10.679999999999817, 12.549999999999777, 13.479999999999757, 11.599999999999797, 8.369999999999866, 12.85999999999977, 8.959999999999853, 9.469999999999843, 13.279999999999761, 7.989999999999874]}}