{"statistics": {"successpercentage": [12.5, 15.0, 13.0, 18.5, 20.5, 20.5, 30.5, 39.0, 18.0, 38.5], "meanarrivaltime": [6.292631334500485, 4.74108925405271, 5.698982937503435, 6.2231905830143655, 3.7233433883574056, 4.682568581885982, 8.990551085459328, 2.9174609913510627, 6.7408480866552765, 6.025068284031385], "minarrivaltime": [5.619999999999925, 4.839999999999941, 7.109999999999893, 5.34999999999993, 5.3899999999999295, 5.189999999999934, 5.049999999999937, 5.089999999999936, 5.499999999999927, 5.0599999999999365]}}