{"statistics": {"successpercentage": [0.0, 0.0, 0.0, 0.0, 0.0, 0.0, 0.0, 0.0, 0.5, 0.5], "meanarrivaltime": [0, 0, 0, 0, 0, 0, 0, 0, 1.7124086546407342, 1.7515247908305827], "minarrivaltime": [0, 0, 0, 0, 0, 0, 0, 0, 19.550000000000257, 19.850000000000303]}}