{"statistics": {"successpercentage": [13.0, 15.0, 25.5, 17.5, 38.0, 29.5, 30.0, 35.0, 23.0, 25.0], "meanarrivaltime": [7.306087215386771, 6.020740574836746, 4.136942263304734, 4.746746463127851, 3.9590960362990173, 4.058287761740363, 4.481293422512642, 3.5457541699663104, 4.551058677852286, 3.984274275028805], "minarrivaltime": [10.159999999999828, 7.389999999999887, 6.6099999999999035, 7.179999999999891, 6.619999999999903, 6.079999999999915, 6.439999999999907, 6.619999999999903, 6.669999999999902, 6.519999999999905]}}