{"statistics": {"successpercentage": [15.0, 9.0, 18.0, 23.0, 12.0, 36.5, 39.5, 28.000000000000004, 38.5, 26.0], "meanarrivaltime": [5.580604298814737, 4.218099549871139, 6.547641672717223, 7.746824118384963, 5.1132434868011005, 3.5232779022090046, 3.971582642087419, 3.3186884075814818, 3.901489367577845, 3.859796306539832], "minarrivaltime": [8.60999999999986, 6.339999999999909, 6.989999999999895, 6.149999999999913, 5.509999999999927, 6.209999999999912, 5.949999999999918, 5.84999999999992, 5.479999999999928, 5.899999999999919]}}