{"statistics": {"successpercentage": [1.5, 8.0, 3.0, 7.5, 8.0, 10.5, 12.5, 16.0, 13.0, 15.5], "meanarrivaltime": [3.4076348329710684, 5.196318257831047, 4.561229759050713, 5.287548257478239, 4.641383957067242, 6.006806465967732, 5.5885786150694186, 3.6041454854004584, 5.0371040052488505, 5.8959012653933165], "minarrivaltime": [14.78999999999973, 10.619999999999818, 9.59999999999984, 13.909999999999748, 6.969999999999896, 8.029999999999873, 11.859999999999792, 8.999999999999853, 13.229999999999762, 11.989999999999789]}}