{"statistics": {"successpercentage": [2.5, 4.0, 5.5, 7.5, 14.499999999999998, 16.0, 10.5, 21.5, 17.5, 25.5], "meanarrivaltime": [4.0248673289053745, 8.965416147128394, 7.6161150826550434, 7.151385296197707, 4.134566400247705, 5.647861185452903, 7.481008846500193, 3.798113496012275, 3.907820398133813, 3.7657534639148835], "minarrivaltime": [8.469999999999864, 7.72999999999988, 12.85999999999977, 10.159999999999828, 7.189999999999891, 12.43999999999978, 6.30999999999991, 6.229999999999912, 6.149999999999913, 6.2799999999999105]}}