{"statistics": {"successpercentage": [3.0, 14.499999999999998, 18.5, 27.500000000000004, 13.0, 28.499999999999996, 30.5, 22.5, 21.5, 43.0], "meanarrivaltime": [8.895279254547097, 6.477094763749985, 4.8151480486740725, 4.621032450420832, 6.180841183060957, 4.56163124659049, 3.2684350313001205, 3.6092265135495616, 6.46165991957256, 3.7354319005358594], "minarrivaltime": [11.849999999999792, 6.989999999999895, 6.809999999999899, 5.969999999999917, 6.0499999999999154, 6.369999999999909, 5.569999999999926, 6.159999999999913, 6.2799999999999105, 5.479999999999928]}}