{"statistics": {"successpercentage": [5.0, 5.5, 9.5, 11.0, 8.0, 11.5, 19.5, 11.0, 13.0, 18.5], "meanarrivaltime": [4.0179704290043246, 11.05439943266041, 6.035736679218926, 6.360932610806509, 4.2507322345664305, 9.645298517021882, 7.719146996622719, 6.821502900140598, 8.991281552974296, 8.88369144016993], "minarrivaltime": [6.549999999999905, 12.089999999999787, 6.909999999999897, 5.749999999999922, 5.8599999999999195, 10.459999999999821, 5.34999999999993, 11.729999999999794, 5.8599999999999195, 5.82999999999992]}}