{"statistics": {"successpercentage": [3.5000000000000004, 6.0, 4.5, 14.000000000000002, 15.5, 18.5, 22.0, 27.500000000000004, 16.5, 30.5], "meanarrivaltime": [5.14775835044068, 8.466375034310515, 8.646610485347988, 4.56001747712241, 4.974193552329895, 5.281077332981425, 5.2161831084625385, 3.8386235841772613, 8.79306303736078, 4.400167446966601], "minarrivaltime": [7.309999999999889, 5.329999999999931, 13.249999999999762, 5.489999999999927, 7.979999999999874, 5.2499999999999325, 5.899999999999919, 5.5799999999999255, 6.3299999999999095, 5.199999999999934]}}