{"statistics": {"successpercentage": [7.5, 5.0, 15.5, 14.499999999999998, 18.0, 22.5, 24.5, 24.0, 30.5, 16.0], "meanarrivaltime": [12.650847427810822, 8.131755613691261, 4.78720355692393, 9.222305438725249, 9.514084808328544, 8.327012321857483, 5.985736995363685, 7.324959685448403, 4.927968333091148, 6.501086362712285], "minarrivaltime": [12.39999999999978, 12.479999999999778, 6.3299999999999095, 9.679999999999838, 6.059999999999915, 5.459999999999928, 5.219999999999933, 5.099999999999936, 5.149999999999935, 5.069999999999936]}}