{"statistics": {"successpercentage": [6.5, 17.0, 10.5, 6.5, 6.0, 15.0, 18.5, 15.5, 23.0, 28.499999999999996], "meanarrivaltime": [7.923005423027468, 4.460386268900662, 8.947957790534408, 6.102955182134271, 10.203989346609289, 5.704206494001643, 6.927808061628816, 4.97002333887685, 6.210242394322327, 3.662647223974392], "minarrivaltime": [7.669999999999881, 5.3899999999999295, 5.269999999999932, 11.4399999999998, 6.259999999999911, 4.89999999999994, 6.429999999999907, 5.629999999999924, 5.419999999999929, 4.8299999999999415]}}