{"statistics": {"successpercentage": [8.0, 9.0, 26.0, 17.5, 31.5, 19.0, 30.5, 22.0, 23.0, 34.5], "meanarrivaltime": [7.709222943721977, 9.319783013190575, 6.1674718448140515, 7.5102372417981575, 4.305638429473223, 7.616085371215783, 6.510626386314087, 6.210916232364403, 6.701538080069245, 3.621275388678613], "minarrivaltime": [6.099999999999914, 7.659999999999881, 6.419999999999908, 6.719999999999901, 5.769999999999921, 6.999999999999895, 6.859999999999898, 5.699999999999923, 6.819999999999899, 5.81999999999992]}}