{"statistics": {"successpercentage": [7.000000000000001, 16.0, 25.5, 29.5, 30.5, 34.5, 29.5, 29.5, 41.0, 35.5], "meanarrivaltime": [4.9767974729870295, 4.821619403760863, 5.213313192607673, 4.343481094115057, 4.202187200396267, 3.511144396766339, 3.346698762746829, 3.917724410172061, 3.0348542459300867, 2.902350839317435], "minarrivaltime": [13.079999999999766, 9.279999999999847, 8.129999999999871, 8.139999999999871, 7.899999999999876, 6.869999999999898, 7.289999999999889, 8.039999999999873, 7.159999999999892, 7.519999999999884]}}