{"statistics": {"successpercentage": [3.5000000000000004, 4.0, 9.5, 12.0, 18.0, 22.5, 17.0, 19.0, 17.0, 19.0], "meanarrivaltime": [4.582609549584032, 4.389903430002962, 4.4896135675684565, 5.108715959649363, 3.7667719437638447, 5.16181179341408, 4.641189309755264, 5.5385513279352345, 5.428425946387854, 4.429704194711298], "minarrivaltime": [13.599999999999755, 16.74999999999982, 10.159999999999828, 12.659999999999775, 9.169999999999849, 8.369999999999866, 10.199999999999827, 13.749999999999751, 13.019999999999767, 8.269999999999868]}}