{"statistics": {"successpercentage": [2.0, 6.5, 12.5, 16.5, 25.5, 21.0, 22.5, 10.0, 32.5, 17.0], "meanarrivaltime": [9.60727956622516, 6.157192217528982, 9.221057517851394, 9.343993278522365, 4.451497934226175, 6.7748057114873905, 3.747020523511679, 7.672068921674844, 3.4494995397320243, 6.904619290519067], "minarrivaltime": [11.649999999999796, 5.5299999999999265, 6.849999999999898, 6.659999999999902, 5.459999999999928, 5.309999999999931, 5.049999999999937, 6.28999999999991, 5.229999999999933, 5.629999999999924]}}