{"statistics": {"successpercentage": [4.5, 10.0, 13.0, 24.0, 24.5, 12.5, 28.000000000000004, 28.499999999999996, 22.5, 28.000000000000004], "meanarrivaltime": [10.391259048409923, 10.522115543237522, 8.10527697809028, 5.4629426067575695, 3.6304840598900876, 7.269781660283498, 3.309518353558832, 6.085475931905707, 5.989932717115014, 2.468461385466754], "minarrivaltime": [12.36999999999978, 5.519999999999927, 5.889999999999919, 5.979999999999917, 5.549999999999926, 5.469999999999928, 5.299999999999931, 5.429999999999929, 5.3899999999999295, 4.839999999999941]}}