{"statistics": {"successpercentage": [2.5, 5.5, 9.5, 6.5, 8.5, 16.0, 17.0, 19.5, 13.5, 22.0], "meanarrivaltime": [4.48510668428842, 3.7352005953301815, 4.34690138666799, 4.782981966274727, 5.558133951492965, 3.924679746774792, 4.696875349351078, 3.7129699225458364, 5.224854538032201, 3.347022522872889], "minarrivaltime": [11.409999999999801, 12.099999999999786, 14.229999999999741, 7.3599999999998875, 7.989999999999874, 8.079999999999872, 7.72999999999988, 6.899999999999897, 6.7699999999999, 7.009999999999895]}}