{"statistics": {"successpercentage": [2.0, 12.5, 8.5, 19.0, 27.0, 26.0, 38.5, 39.5, 35.0, 30.5], "meanarrivaltime": [4.300044589970871, 3.7782959578670336, 3.5720791229179936, 3.3928880631058607, 3.239558322123801, 2.4801012073091027, 3.120925686291006, 2.781321667611309, 2.8477431477644815, 2.857697827836449], "minarrivaltime": [17.669999999999963, 12.36999999999978, 15.349999999999717, 11.149999999999807, 10.669999999999817, 9.979999999999832, 10.569999999999819, 9.729999999999837, 9.839999999999835, 10.08999999999983]}}