{"statistics": {"successpercentage": [3.0, 8.0, 7.5, 15.5, 24.5, 19.5, 19.5, 34.5, 12.5, 32.5], "meanarrivaltime": [6.436595085542745, 9.17145943033445, 9.377209839195315, 4.7760743826629595, 5.6312958439885055, 4.008296678621903, 3.801027168392465, 3.449310821762301, 5.1527023893103765, 3.566703865628073], "minarrivaltime": [10.009999999999831, 10.199999999999827, 8.429999999999865, 6.169999999999913, 6.379999999999908, 6.409999999999908, 5.739999999999922, 6.639999999999903, 6.079999999999915, 5.699999999999923]}}