{"statistics": {"successpercentage": [3.0, 4.5, 10.0, 6.5, 24.5, 16.5, 17.5, 21.5, 27.500000000000004, 21.0], "meanarrivaltime": [4.5075689424095495, 3.6385111781655763, 3.652816299560224, 4.428853955329728, 3.5575371782163394, 3.8835959092597068, 3.634308052820419, 3.513019768504836, 3.5053991102094253, 2.98747605263337], "minarrivaltime": [17.619999999999955, 12.38999999999978, 12.219999999999784, 16.849999999999834, 10.849999999999813, 10.569999999999819, 13.199999999999763, 11.239999999999805, 10.199999999999827, 9.649999999999839]}}