{"statistics": {"successpercentage": [0.0, 0.0, 0.0, 0.0, 0.0, 0.0, 0.0, 0.0, 0.0, 0.5], "meanarrivaltime": [0, 0, 0, 0, 0, 0, 0, 0, 0, 1.7938229764984526], "minarrivaltime": [0, 0, 0, 0, 0, 0, 0, 0, 0, 19.95000000000032]}}