{"statistics": {"successpercentage": [1.5, 1.0, 1.5, 7.5, 17.0, 11.5, 10.0, 32.5, 25.0, 24.0], "meanarrivaltime": [4.437336706821248, 3.5485678154942284, 3.3147049225627776, 3.2398056110975895, 3.7649734689227916, 3.945459459819822, 3.8602172310978977, 3.2552520836026915, 3.181897862571465, 3.8303277768070516], "minarrivaltime": [16.859999999999836, 19.58000000000026, 14.849999999999728, 16.289999999999747, 13.169999999999764, 13.969999999999747, 15.949999999999704, 10.789999999999814, 11.699999999999795, 12.929999999999769]}}