{"statistics": {"successpercentage": [2.5, 7.5, 8.0, 8.5, 10.5, 8.5, 14.000000000000002, 10.5, 13.5, 19.0], "meanarrivaltime": [6.4807156974858415, 5.5212774339831565, 7.522389059317201, 7.463940383812206, 4.6927732221594995, 8.449410309606797, 4.106790141670244, 7.790742811784342, 7.6545554355348955, 6.192656992130881], "minarrivaltime": [7.179999999999891, 12.589999999999776, 6.959999999999896, 12.639999999999775, 12.229999999999784, 11.91999999999979, 6.129999999999914, 6.219999999999912, 6.7799999999999, 6.579999999999904]}}