{"statistics": {"successpercentage": [6.0, 15.0, 17.5, 13.5, 26.5, 13.0, 27.500000000000004, 28.000000000000004, 25.0, 39.0], "meanarrivaltime": [4.98791280782979, 5.162958354452623, 4.80540406143627, 5.003632547775786, 3.7369632120657843, 7.055209366183925, 3.905975636729876, 3.5648533127904605, 6.23160475391398, 3.4767598193679246], "minarrivaltime": [7.679999999999881, 6.7799999999999, 6.2799999999999105, 7.339999999999888, 6.409999999999908, 7.019999999999895, 6.159999999999913, 5.919999999999918, 6.589999999999904, 5.779999999999921]}}