{"statistics": {"successpercentage": [4.0, 3.5000000000000004, 10.5, 17.0, 22.5, 27.0, 19.0, 32.0, 18.0, 15.0], "meanarrivaltime": [3.8778477250561827, 4.29549820748661, 3.971563010787055, 3.6639415636205017, 3.40642263562214, 2.8920660813518757, 3.4523315163151596, 3.1724995789816517, 3.446903401874524, 3.5667596052949664], "minarrivaltime": [15.149999999999721, 15.589999999999712, 14.499999999999735, 11.709999999999795, 10.809999999999814, 10.279999999999825, 11.159999999999807, 10.629999999999818, 13.659999999999753, 11.00999999999981]}}