{"statistics": {"successpercentage": [2.5, 11.5, 9.0, 30.5, 15.0, 14.000000000000002, 15.0, 14.499999999999998, 23.0, 31.0], "meanarrivaltime": [6.374225671979391, 7.7927335089144165, 4.702848425279251, 4.202073271553279, 7.286796152180989, 7.350957090658191, 7.227421914163342, 6.724030962092426, 5.640316666755814, 3.5426631209368935], "minarrivaltime": [13.539999999999756, 10.48999999999982, 7.139999999999892, 6.159999999999913, 7.23999999999989, 6.899999999999897, 12.199999999999784, 7.759999999999879, 6.169999999999913, 5.909999999999918]}}