{"statistics": {"successpercentage": [3.5000000000000004, 13.0, 19.0, 26.0, 34.0, 25.5, 32.5, 39.0, 41.5, 39.0], "meanarrivaltime": [4.143999242819625, 4.058487511121532, 3.627693054231512, 3.285953292389127, 2.814345935420442, 2.8219935195801606, 3.1353506272984735, 2.991014907128446, 2.5420335444683726, 2.4869616365478757], "minarrivaltime": [15.349999999999717, 14.379999999999738, 11.579999999999798, 11.91999999999979, 10.879999999999812, 11.01999999999981, 10.239999999999826, 10.329999999999824, 9.529999999999841, 8.819999999999856]}}