{"statistics": {"successpercentage": [7.000000000000001, 7.5, 18.5, 15.5, 20.0, 19.5, 23.5, 24.5, 16.0, 34.0], "meanarrivaltime": [10.432117743900344, 4.981944134429414, 5.166377488819453, 5.548151994144662, 5.124903892222108, 4.43139350798275, 4.253227990992259, 3.4475605924544386, 8.599120228209607, 3.400961197384783], "minarrivaltime": [6.559999999999905, 5.309999999999931, 5.469999999999928, 5.449999999999928, 5.449999999999928, 5.029999999999937, 5.609999999999925, 5.559999999999926, 5.429999999999929, 5.089999999999936]}}