{"statistics": {"successpercentage": [10.0, 12.5, 15.5, 26.5, 26.0, 28.499999999999996, 28.000000000000004, 31.5, 30.0, 29.5], "meanarrivaltime": [5.288884077436255, 5.153558266237767, 5.356617686662573, 4.688770671636484, 5.503804453299527, 6.001894003755269, 3.641036792246907, 3.036222226138765, 4.643047646435605, 4.358945376603956], "minarrivaltime": [10.09999999999983, 7.119999999999893, 8.329999999999867, 6.449999999999907, 6.30999999999991, 6.459999999999907, 6.219999999999912, 6.249999999999911, 6.629999999999903, 6.449999999999907]}}