{"statistics": {"successpercentage": [10.5, 7.5, 14.000000000000002, 19.5, 21.0, 27.0, 29.5, 26.0, 23.0, 19.5], "meanarrivaltime": [5.18853020788171, 5.501036154581628, 5.714948357580615, 4.897363347529021, 5.265705227608616, 3.1142413790452528, 3.166047140185318, 3.346790742799534, 4.876123778033956, 3.93277096810706], "minarrivaltime": [12.509999999999778, 9.699999999999838, 9.07999999999985, 8.999999999999853, 7.849999999999877, 8.899999999999855, 7.6399999999998816, 8.849999999999856, 10.119999999999829, 10.659999999999817]}}