{"statistics": {"successpercentage": [0.0, 0.0, 0.0, 0.0, 0.0, 0.0, 0.0, 2.5, 0.0, 0.0], "meanarrivaltime": [0, 0, 0, 0, 0, 0, 0, 1.69404102133188, 0, 0], "minarrivaltime": [0, 0, 0, 0, 0, 0, 0, 18.640000000000114, 0, 0]}}