{"statistics": {"successpercentage": [0.5, 10.0, 8.0, 11.0, 14.499999999999998, 24.5, 17.0, 22.0, 22.0, 27.500000000000004], "meanarrivaltime": [2.4844850068526783, 3.6954548474213182, 4.162808877286646, 3.06324246716283, 3.5741202515608532, 3.4127902327889146, 3.468984465369572, 2.732181121979482, 2.871449885200034, 3.041217679803062], "minarrivaltime": [18.970000000000166, 11.669999999999796, 14.939999999999726, 12.569999999999776, 12.339999999999781, 11.399999999999801, 11.249999999999805, 10.03999999999983, 9.819999999999835, 10.04999999999983]}}