{"statistics": {"successpercentage": [3.5000000000000004, 12.5, 14.499999999999998, 13.0, 26.5, 34.0, 26.5, 18.5, 34.5, 27.500000000000004], "meanarrivaltime": [4.466112669707635, 4.018005243408133, 3.8695820555683773, 2.648811842548847, 3.5959130367081173, 3.110992909702461, 3.466771853154988, 3.2011296332522248, 2.75156439805186, 2.7197295964548824], "minarrivaltime": [16.68999999999981, 11.89999999999979, 12.549999999999777, 16.29999999999975, 11.4799999999998, 10.49999999999982, 11.4899999999998, 10.109999999999829, 9.499999999999842, 9.719999999999837]}}