{"statistics": {"successpercentage": [6.5, 16.5, 17.5, 20.0, 33.5, 21.5, 27.0, 21.0, 34.0, 35.0], "meanarrivaltime": [6.632340706840954, 4.497131566794279, 4.391058791123876, 4.611745577857405, 3.8697133281609144, 4.744652320254408, 5.6891536095632285, 4.206676041565776, 3.9357159619340543, 3.9241350972552067], "minarrivaltime": [12.029999999999788, 8.009999999999874, 8.15999999999987, 6.7599999999999, 6.529999999999905, 6.7899999999999, 7.089999999999893, 6.169999999999913, 6.549999999999905, 6.129999999999914]}}