{"statistics": {"successpercentage": [5.5, 9.5, 16.0, 14.499999999999998, 23.0, 22.5, 32.0, 32.5, 34.0, 36.5], "meanarrivaltime": [3.9919757719266844, 10.643650898052437, 4.655395604731779, 6.487010668174361, 7.480086429386508, 7.685249682931717, 3.4504557391331487, 3.838776840388921, 3.270603153722306, 2.7962820567944924], "minarrivaltime": [6.839999999999899, 7.989999999999874, 6.1899999999999125, 6.159999999999913, 6.339999999999909, 5.949999999999918, 5.149999999999935, 5.319999999999931, 5.209999999999933, 5.299999999999931]}}