{"statistics": {"successpercentage": [0.0, 0.0, 0.0, 0.0, 0.0, 0.0, 0.0, 0.0, 0.0, 0.5], "meanarrivaltime": [0, 0, 0, 0, 0, 0, 0, 0, 0, 1.7216514820447104], "minarrivaltime": [0, 0, 0, 0, 0, 0, 0, 0, 0, 19.680000000000277]}}