{"statistics": {"successpercentage": [9.0, 5.5, 8.0, 12.0, 15.5, 17.5, 26.0, 23.0, 23.5, 14.499999999999998], "meanarrivaltime": [5.1634939621002935, 3.5420145431064523, 4.872025009001433, 5.292579978155081, 4.5683276612888415, 4.355124691934342, 3.9541123860713627, 3.5855865042123285, 4.783833362957257, 3.3356509341934073], "minarrivaltime": [13.80999999999975, 13.749999999999751, 8.239999999999869, 10.599999999999818, 9.449999999999843, 8.569999999999862, 8.139999999999871, 8.249999999999869, 8.949999999999854, 13.429999999999758]}}