{"statistics": {"successpercentage": [7.5, 13.0, 13.0, 16.5, 27.500000000000004, 25.0, 22.5, 32.5, 25.5, 33.5], "meanarrivaltime": [3.428895694418252, 3.851865197448306, 3.8617016302158906, 3.5840595071418977, 3.3237581286328237, 3.414321658343823, 3.32850119965034, 2.9255198504686044, 2.7818545452465524, 3.035841797027486], "minarrivaltime": [12.449999999999779, 13.78999999999975, 9.719999999999837, 11.069999999999808, 11.299999999999804, 10.54999999999982, 10.219999999999827, 9.749999999999837, 10.799999999999814, 9.389999999999844]}}