{"statistics": {"successpercentage": [7.000000000000001, 18.0, 16.0, 18.5, 13.5, 32.0, 28.000000000000004, 12.5, 31.0, 36.0], "meanarrivaltime": [6.986713793093081, 7.023553166662333, 7.18541532833975, 7.19936977945038, 7.241059781505284, 3.4802830138806535, 3.862942054622219, 5.993301319216256, 5.621669588616375, 4.148309536268702], "minarrivaltime": [6.389999999999908, 5.84999999999992, 5.799999999999921, 5.749999999999922, 5.569999999999926, 5.139999999999935, 4.989999999999938, 5.659999999999924, 5.399999999999929, 5.299999999999931]}}