{"statistics": {"successpercentage": [8.0, 9.0, 6.0, 19.5, 11.0, 19.0, 17.0, 25.5, 19.5, 17.0], "meanarrivaltime": [11.923323235382037, 7.053587209931531, 7.778700845252765, 4.824140095516601, 9.545934855617388, 4.490663024605241, 8.008375381689913, 3.841318195274132, 7.94846805420394, 7.113310059426556], "minarrivaltime": [11.4699999999998, 5.84999999999992, 10.339999999999824, 6.1899999999999125, 8.229999999999869, 6.729999999999901, 5.599999999999925, 5.759999999999922, 5.449999999999928, 5.629999999999924]}}