{"statistics": {"successpercentage": [3.0, 7.5, 7.5, 7.5, 14.000000000000002, 16.0, 31.0, 19.5, 21.0, 25.5], "meanarrivaltime": [10.32650077338788, 7.685091325073731, 7.177424118343102, 9.714453457870663, 7.418530632097946, 4.133760666429145, 4.815817196048512, 5.65206513614701, 6.050080470098068, 3.1685050074094785], "minarrivaltime": [8.309999999999867, 5.419999999999929, 5.889999999999919, 11.989999999999789, 5.559999999999926, 5.199999999999934, 5.509999999999927, 5.269999999999932, 5.589999999999925, 5.7199999999999225]}}