{"statistics": {"successpercentage": [0.0, 0.0, 0.0, 0.0, 0.0, 0.5, 1.0, 0.5, 0.5, 0.0], "meanarrivaltime": [0, 0, 0, 0, 0, 1.7111422259210773, 1.743614173299238, 1.7223544233649886, 1.6775594481654532, 0], "minarrivaltime": [0, 0, 0, 0, 0, 19.530000000000253, 19.600000000000264, 19.63000000000027, 19.590000000000263, 0]}}