{"statistics": {"successpercentage": [5.0, 5.0, 6.5, 9.5, 13.0, 12.0, 10.0, 14.499999999999998, 16.5, 13.5], "meanarrivaltime": [6.900424957106144, 5.3355177794356985, 10.372458830159236, 6.8110910012011, 8.625473000577347, 10.791492597308292, 7.794829400397151, 8.77172739218947, 8.750612579899963, 8.889005426451577], "minarrivaltime": [5.769999999999921, 6.999999999999895, 5.939999999999918, 11.559999999999798, 5.519999999999927, 10.52999999999982, 10.309999999999825, 11.589999999999797, 8.389999999999866, 5.629999999999924]}}