{"statistics": {"successpercentage": [0.0, 10.0, 12.5, 10.0, 16.0, 27.500000000000004, 12.0, 26.0, 21.5, 16.0], "meanarrivaltime": [0, 5.9526070441681505, 6.7368602090406124, 5.027619062152281, 4.512408884288452, 4.724479648449663, 7.115816749615564, 4.342357545197293, 6.127212400384747, 6.214074871583284], "minarrivaltime": [0, 7.209999999999891, 6.199999999999912, 7.899999999999876, 7.25999999999989, 6.129999999999914, 7.989999999999874, 5.769999999999921, 11.329999999999803, 5.939999999999918]}}