{"statistics": {"successpercentage": [0.0, 0.0, 0.0, 0.0, 0.0, 0.0, 0.0, 0.0, 0.0, 0.5], "meanarrivaltime": [0, 0, 0, 0, 0, 0, 0, 0, 0, 1.6433733569601754], "minarrivaltime": [0, 0, 0, 0, 0, 0, 0, 0, 0, 18.700000000000124]}}