{"statistics": {"successpercentage": [0.0, 1.5, 7.000000000000001, 6.5, 20.5, 17.5, 26.5, 24.0, 18.5, 31.0], "meanarrivaltime": [0, 3.8342042528551983, 3.9211681045832267, 3.8153256871229715, 3.444836022915154, 2.7749447841687798, 3.1354217631670838, 2.7935922200190864, 2.8856035432056646, 2.9341407315788675], "minarrivaltime": [0, 18.190000000000044, 13.249999999999762, 13.029999999999767, 10.50999999999982, 15.449999999999715, 10.819999999999814, 11.95999999999979, 12.259999999999783, 10.109999999999829]}}