{"statistics": {"successpercentage": [7.000000000000001, 8.0, 15.0, 14.000000000000002, 17.0, 17.5, 16.0, 19.5, 21.0, 20.0], "meanarrivaltime": [4.051731923791, 5.486473777879449, 4.026786882634897, 4.602925828972251, 3.7028037753044987, 4.1415252146849575, 5.805188258820758, 4.798914537214169, 4.501334035662631, 4.866106705171577], "minarrivaltime": [10.309999999999825, 14.129999999999743, 8.109999999999872, 11.259999999999804, 10.479999999999821, 8.419999999999865, 11.099999999999808, 9.309999999999846, 8.449999999999864, 8.109999999999872]}}