{"statistics": {"successpercentage": [5.5, 10.5, 5.5, 18.0, 14.000000000000002, 15.0, 28.000000000000004, 26.5, 26.5, 31.0], "meanarrivaltime": [7.175264064348633, 4.7286516161066885, 5.377375663872399, 4.6383585444426005, 4.449603096205989, 7.039507338066589, 4.307313666542533, 3.6393680061244367, 3.807291861029195, 3.7995486558338576], "minarrivaltime": [7.209999999999891, 5.989999999999917, 7.959999999999875, 6.379999999999908, 6.3299999999999095, 6.919999999999897, 5.6699999999999235, 5.889999999999919, 6.1899999999999125, 5.589999999999925]}}