{"statistics": {"successpercentage": [8.0, 14.499999999999998, 14.000000000000002, 9.0, 25.5, 33.0, 34.5, 28.000000000000004, 23.5, 21.0], "meanarrivaltime": [5.402649416897924, 5.728685729082104, 4.866568528016239, 4.746609058942217, 5.170422403311181, 3.7917811771979033, 4.197653629662288, 6.5203828315388845, 5.932385608887092, 6.973042534354728], "minarrivaltime": [6.859999999999898, 6.439999999999907, 5.799999999999921, 5.609999999999925, 5.469999999999928, 5.549999999999926, 5.509999999999927, 5.299999999999931, 5.459999999999928, 6.599999999999904]}}