{"statistics": {"successpercentage": [2.5, 2.5, 8.0, 13.0, 13.0, 11.0, 12.5, 16.5, 19.0, 16.0], "meanarrivaltime": [6.210219136396575, 9.50991783784779, 6.051191626347259, 8.911747812490814, 5.251765378828069, 7.250932641746249, 4.362267390266749, 9.43969819494712, 3.896496975565315, 4.267659822006162], "minarrivaltime": [6.449999999999907, 11.95999999999979, 6.919999999999897, 12.039999999999788, 6.449999999999907, 11.249999999999805, 5.969999999999917, 6.949999999999896, 5.82999999999992, 5.729999999999922]}}