{"statistics": {"successpercentage": [5.5, 6.5, 12.5, 15.0, 17.0, 20.0, 24.5, 24.0, 31.5, 30.0], "meanarrivaltime": [8.400967617830547, 7.1709088872727635, 7.494566247985947, 4.694999484858462, 5.233237123106955, 7.553268759904503, 4.634509160392553, 4.074295042022353, 3.9347875065283673, 3.7640694838886954], "minarrivaltime": [12.739999999999773, 6.2799999999999105, 7.779999999999879, 5.779999999999921, 6.7799999999999, 7.089999999999893, 5.82999999999992, 6.029999999999916, 5.649999999999924, 5.909999999999918]}}