{"statistics": {"successpercentage": [0.0, 0.5, 0.0, 0.0, 0.0, 0.0, 0.0, 1.0, 0.0, 1.0], "meanarrivaltime": [0, 8.177381124939775, 0, 0, 0, 0, 0, 5.790167618175065, 0, 8.152746371112725], "minarrivaltime": [0, 19.51000000000025, 0, 0, 0, 0, 0, 18.42000000000008, 0, 18.23000000000005]}}