{"statistics": {"successpercentage": [11.0, 12.0, 25.5, 13.0, 16.0, 22.0, 29.5, 26.5, 24.0, 33.0], "meanarrivaltime": [5.58420341019173, 5.700045818987697, 5.147937264245648, 4.51424241280961, 5.933563533591413, 6.524843424789, 4.660875544912422, 5.398060502133493, 5.434363373864328, 2.954266283966004], "minarrivaltime": [7.149999999999892, 6.409999999999908, 5.9999999999999165, 6.269999999999911, 6.079999999999915, 6.0499999999999154, 5.559999999999926, 6.28999999999991, 6.089999999999915, 5.269999999999932]}}