{"statistics": {"successpercentage": [0.0, 0.0, 0.0, 0.0, 0.0, 0.0, 0.0, 0.0, 0.0, 1.0], "meanarrivaltime": [0, 0, 0, 0, 0, 0, 0, 0, 0, 1.592312766726361], "minarrivaltime": [0, 0, 0, 0, 0, 0, 0, 0, 0, 18.640000000000114]}}