{"statistics": {"successpercentage": [3.5000000000000004, 10.0, 12.0, 17.5, 23.0, 18.0, 24.5, 36.0, 23.5, 29.5], "meanarrivaltime": [3.667051510479375, 3.9777058685361757, 3.7212602357165565, 3.4483382185025113, 3.028796311425967, 3.473396367453327, 3.5671927113053172, 2.9067502344931824, 3.3355616841711755, 3.112850279662731], "minarrivaltime": [14.129999999999743, 15.169999999999721, 13.869999999999749, 10.95999999999981, 11.559999999999798, 10.189999999999827, 10.659999999999817, 10.199999999999827, 10.109999999999829, 9.709999999999837]}}