{"statistics": {"successpercentage": [9.0, 17.5, 16.0, 24.5, 28.000000000000004, 23.5, 37.5, 38.0, 42.0, 37.0], "meanarrivaltime": [6.967537280639778, 6.4767322930504605, 3.584106753840322, 6.36511106039616, 4.1910042542952475, 6.503729748918425, 2.9298414414882026, 3.7385205945152693, 3.424907313854489, 4.066389085624062], "minarrivaltime": [6.879999999999898, 8.089999999999872, 6.7499999999999005, 6.809999999999899, 6.529999999999905, 6.549999999999905, 6.009999999999916, 6.079999999999915, 6.489999999999906, 6.269999999999911]}}