{"statistics": {"successpercentage": [14.000000000000002, 15.0, 21.5, 15.5, 22.0, 29.5, 24.5, 27.0, 47.5, 35.0], "meanarrivaltime": [7.890641486860617, 7.558416225751165, 4.731842531607708, 7.109907407886494, 6.720144156000251, 3.150282641482378, 6.252600392122767, 3.7151358724923766, 3.0884818716527853, 3.3984210514991307], "minarrivaltime": [7.9699999999998745, 6.509999999999906, 6.6099999999999035, 6.7999999999998995, 6.549999999999905, 5.399999999999929, 5.8599999999999195, 6.149999999999913, 5.519999999999927, 5.5299999999999265]}}