{"statistics": {"successpercentage": [0.0, 0.0, 0.0, 0.0, 0.0, 0.0, 0.0, 0.0, 0.0, 0.5], "meanarrivaltime": [0, 0, 0, 0, 0, 0, 0, 0, 0, 1.746946168123242], "minarrivaltime": [0, 0, 0, 0, 0, 0, 0, 0, 0, 19.76000000000029]}}