{"statistics": {"successpercentage": [9.0, 18.0, 8.0, 26.5, 31.5, 21.5, 35.5, 24.5, 34.0, 37.5], "meanarrivaltime": [5.5736172620921, 4.885864679312697, 8.347199090938814, 3.8812553461223938, 3.5159678660761786, 4.618720726126001, 5.716561149906308, 3.0835183534248762, 2.9780796698471157, 3.550270108673692], "minarrivaltime": [5.939999999999918, 6.1399999999999135, 7.609999999999882, 5.789999999999921, 6.069999999999915, 6.079999999999915, 5.429999999999929, 6.069999999999915, 5.34999999999993, 5.569999999999926]}}