{"statistics": {"successpercentage": [11.0, 12.5, 17.5, 19.0, 31.0, 31.5, 23.0, 38.0, 36.0, 31.5], "meanarrivaltime": [5.484896578884732, 5.191818705677533, 3.7925658457896168, 3.5111577392895366, 4.000934249305763, 2.683282351895658, 5.05619244231674, 3.1155854928962103, 3.7652965623611427, 3.0930766337712416], "minarrivaltime": [7.929999999999875, 6.709999999999901, 6.29999999999991, 5.419999999999929, 5.979999999999917, 5.979999999999917, 5.7199999999999225, 5.889999999999919, 5.599999999999925, 5.899999999999919]}}