{"statistics": {"successpercentage": [0.0, 0.0, 0.0, 0.0, 0.0, 0.0, 0.0, 0.0, 0.0, 2.5], "meanarrivaltime": [0, 0, 0, 0, 0, 0, 0, 0, 0, 1.6850989535331966], "minarrivaltime": [0, 0, 0, 0, 0, 0, 0, 0, 0, 19.140000000000192]}}