{"statistics": {"successpercentage": [13.5, 11.5, 13.5, 22.5, 19.0, 26.0, 27.500000000000004, 26.5, 35.5, 28.999999999999996], "meanarrivaltime": [7.031685956871882, 4.904044409694668, 6.228175094867664, 3.9248832870164088, 5.083554015426365, 4.448130959958842, 3.855363780213727, 5.026703581863265, 3.122055150630173, 4.679990109331171], "minarrivaltime": [7.419999999999886, 7.319999999999888, 7.24999999999989, 6.639999999999903, 6.459999999999907, 6.7599999999999, 6.549999999999905, 6.849999999999898, 6.719999999999901, 6.389999999999908]}}