{"statistics": {"successpercentage": [8.5, 16.0, 13.0, 20.5, 21.5, 20.5, 19.0, 32.0, 18.5, 18.0], "meanarrivaltime": [4.449657980475114, 9.985805759233923, 5.597762868108434, 10.0100541397246, 10.163555782765718, 2.984820537014628, 6.613975389244006, 3.896960143967561, 5.239994799948935, 3.719400261961142], "minarrivaltime": [5.309999999999931, 6.089999999999915, 5.35999999999993, 6.439999999999907, 7.469999999999885, 6.209999999999912, 5.189999999999934, 5.459999999999928, 6.009999999999916, 5.269999999999932]}}