{"statistics": {"successpercentage": [14.000000000000002, 5.0, 20.0, 28.999999999999996, 31.0, 23.5, 31.5, 28.499999999999996, 25.0, 25.5], "meanarrivaltime": [5.814083329679767, 7.802663059368174, 4.042635373028673, 4.3561688102651654, 3.6038136867692088, 3.819865235994755, 3.6689631935588007, 5.502073149567021, 4.170172540778025, 3.9262292590045], "minarrivaltime": [12.129999999999786, 12.459999999999779, 6.899999999999897, 7.289999999999889, 6.7599999999999, 6.669999999999902, 5.989999999999917, 6.589999999999904, 6.509999999999906, 6.229999999999912]}}