{"statistics": {"successpercentage": [5.5, 4.5, 13.5, 24.0, 19.0, 25.0, 35.5, 34.0, 40.5, 41.5], "meanarrivaltime": [3.34409945477645, 4.196390123507175, 3.3853865182862006, 3.498876187780919, 3.283189375063762, 3.6176893672092616, 2.938723163577578, 2.6057064804616097, 2.548488745596095, 2.7621962539767884], "minarrivaltime": [13.719999999999752, 13.539999999999756, 12.199999999999784, 11.4999999999998, 11.849999999999792, 12.089999999999787, 9.489999999999842, 9.969999999999832, 9.989999999999831, 9.979999999999832]}}