{"statistics": {"successpercentage": [2.5, 5.5, 16.5, 19.0, 23.0, 20.5, 26.5, 22.5, 15.5, 23.0], "meanarrivaltime": [12.306125804019311, 6.444168449567596, 4.38264930330236, 4.805454293509512, 4.51706770039982, 7.625352099697063, 4.709303144228771, 6.38827614804643, 3.536405135319592, 7.5282497209679935], "minarrivaltime": [12.249999999999783, 8.16999999999987, 5.399999999999929, 5.799999999999921, 5.299999999999931, 5.589999999999925, 4.9699999999999385, 6.529999999999905, 5.559999999999926, 4.989999999999938]}}