{"statistics": {"successpercentage": [16.5, 18.0, 12.0, 22.0, 30.0, 27.0, 22.5, 22.0, 41.0, 47.5], "meanarrivaltime": [5.076850172186424, 4.229531182072404, 3.4175958716986856, 5.192988457120408, 4.443099343109882, 4.157024926295599, 4.117213890995055, 4.805140622884995, 3.171300264425696, 2.4882969312246965], "minarrivaltime": [9.819999999999835, 8.929999999999854, 13.709999999999752, 9.299999999999846, 8.039999999999873, 7.669999999999881, 8.14999999999987, 12.799999999999772, 7.579999999999883, 7.0299999999998946]}}