{"statistics": {"successpercentage": [3.0, 0.5, 3.0, 7.000000000000001, 13.5, 4.0, 14.000000000000002, 16.0, 20.0, 17.0], "meanarrivaltime": [3.1327837849591447, 3.5591502168606537, 2.7935082692721607, 4.102821656768406, 3.248818917344537, 4.004340020730807, 4.142671753141642, 3.455743687626277, 3.6470378343417296, 3.6274888330983446], "minarrivaltime": [15.65999999999971, 16.999999999999858, 17.13999999999988, 15.909999999999705, 12.929999999999769, 16.669999999999806, 15.059999999999723, 9.949999999999832, 12.029999999999788, 11.839999999999792]}}