{"statistics": {"successpercentage": [10.5, 17.5, 18.5, 16.0, 19.5, 31.5, 26.5, 32.0, 19.5, 30.5], "meanarrivaltime": [4.222885184256376, 5.375444139551911, 4.6117006374346365, 5.484358889438515, 5.865359540452981, 4.200588857895147, 3.3283683329026754, 3.310586494608074, 4.997855189169046, 3.748705705415989], "minarrivaltime": [7.23999999999989, 6.429999999999907, 6.899999999999897, 8.029999999999873, 6.179999999999913, 5.639999999999924, 5.939999999999918, 5.449999999999928, 5.649999999999924, 5.959999999999917]}}