{"statistics": {"successpercentage": [3.5000000000000004, 7.5, 6.0, 8.0, 11.0, 18.0, 17.0, 19.5, 25.0, 16.5], "meanarrivaltime": [3.684235768995414, 3.5155329635264336, 3.609437379354256, 4.264420188708999, 3.6302585127816864, 3.615626739950105, 3.5979733444499304, 3.34049944470922, 3.1727765208209346, 3.284650576182244], "minarrivaltime": [13.78999999999975, 14.589999999999733, 14.78999999999973, 15.66999999999971, 13.009999999999767, 12.139999999999786, 11.4399999999998, 10.479999999999821, 10.50999999999982, 10.369999999999823]}}