{"statistics": {"successpercentage": [6.5, 6.5, 10.0, 7.000000000000001, 19.0, 27.0, 30.0, 18.5, 7.5, 15.5], "meanarrivaltime": [5.223289655029685, 8.677956414246975, 3.9417767392814325, 8.005179735784221, 4.740273617371523, 3.7914465301336007, 3.7579751706423625, 7.52537973779795, 7.274299291221971, 7.372424177828969], "minarrivaltime": [7.899999999999876, 6.679999999999902, 6.209999999999912, 11.4899999999998, 5.8599999999999195, 5.989999999999917, 5.949999999999918, 5.399999999999929, 10.99999999999981, 6.059999999999915]}}