{"statistics": {"successpercentage": [14.000000000000002, 9.0, 16.5, 16.5, 22.0, 36.5, 27.500000000000004, 20.0, 27.500000000000004, 30.5], "meanarrivaltime": [4.121050413342748, 7.617241696838899, 7.277654779516823, 4.768354130952886, 4.703234594779755, 3.527309143157564, 5.872664655686667, 8.994679603526352, 3.198643406231018, 2.854222713705431], "minarrivaltime": [8.699999999999859, 5.309999999999931, 5.9999999999999165, 5.3899999999999295, 5.409999999999929, 5.239999999999933, 5.089999999999936, 5.619999999999925, 5.659999999999924, 5.139999999999935]}}