{"statistics": {"successpercentage": [10.5, 13.0, 13.5, 21.0, 28.499999999999996, 28.000000000000004, 33.5, 33.0, 27.500000000000004, 30.5], "meanarrivaltime": [6.011816714151213, 6.310397511292754, 4.359687349987582, 3.5478950885593292, 3.5013913016528435, 3.9895536097602857, 3.34976282422561, 3.4664495221632667, 4.049497111693981, 3.4558545993349723], "minarrivaltime": [9.659999999999838, 7.089999999999893, 6.929999999999897, 7.439999999999886, 6.699999999999902, 6.499999999999906, 6.909999999999897, 6.30999999999991, 6.509999999999906, 6.229999999999912]}}