{"statistics": {"successpercentage": [9.5, 10.5, 7.000000000000001, 13.0, 22.5, 12.5, 14.499999999999998, 24.0, 26.5, 27.500000000000004], "meanarrivaltime": [8.757870470334215, 9.302547179042529, 8.653565312510308, 5.472044379985854, 4.737093108853622, 5.505123856472392, 5.314079327997896, 4.28431802847283, 3.6459432927408923, 3.513813383856611], "minarrivaltime": [13.089999999999765, 11.379999999999802, 7.649999999999881, 7.069999999999894, 6.219999999999912, 6.639999999999903, 6.879999999999898, 7.099999999999893, 6.249999999999911, 5.619999999999925]}}