{"statistics": {"successpercentage": [0.0, 0.0, 0.0, 0.0, 0.0, 0.5, 0.0, 0.0, 2.0, 1.5], "meanarrivaltime": [0, 0, 0, 0, 0, 3.6061110919401367, 0, 0, 5.166594675545907, 5.208403906699799], "minarrivaltime": [0, 0, 0, 0, 0, 18.050000000000022, 0, 0, 17.2799999999999, 18.5400000000001]}}