{"statistics": {"successpercentage": [0.0, 0.0, 0.0, 0.0, 0.0, 0.0, 0.0, 0.0, 0.0, 0.5], "meanarrivaltime": [0, 0, 0, 0, 0, 0, 0, 0, 0, 1.7238317693172964], "minarrivaltime": [0, 0, 0, 0, 0, 0, 0, 0, 0, 19.930000000000316]}}