{"statistics": {"successpercentage": [0.5, 4.0, 7.5, 10.0, 17.0, 23.5, 21.0, 30.0, 31.5, 30.5], "meanarrivaltime": [2.292091393813267, 3.8812245493544504, 3.313340370957161, 3.5202575376126917, 3.7418535652225935, 3.365412662929149, 3.4370164596047874, 2.727467916146682, 3.3483460329100674, 2.9220942647660535], "minarrivaltime": [18.61000000000011, 12.42999999999978, 12.579999999999776, 12.829999999999771, 11.249999999999805, 10.55999999999982, 11.149999999999807, 14.109999999999744, 10.379999999999823, 9.489999999999842]}}