{"statistics": {"successpercentage": [3.5000000000000004, 3.0, 6.5, 4.5, 6.5, 15.5, 11.5, 13.0, 20.0, 24.5], "meanarrivaltime": [5.19363800142685, 6.967406582213427, 7.832104977288954, 5.065465181403001, 7.607026188631612, 4.688952120379401, 5.305630567455763, 7.972192176791716, 4.728678819326696, 3.963151238389852], "minarrivaltime": [14.219999999999741, 14.129999999999743, 11.789999999999793, 7.539999999999884, 7.23999999999989, 8.819999999999856, 10.849999999999813, 11.839999999999792, 6.199999999999912, 6.109999999999914]}}