{"statistics": {"successpercentage": [10.0, 13.5, 14.499999999999998, 11.0, 20.0, 21.5, 20.5, 20.5, 28.499999999999996, 36.0], "meanarrivaltime": [4.964241287463325, 4.858609636066398, 5.5309710531801555, 4.830782038775638, 4.367699566789914, 4.497039000799481, 4.281099276146511, 5.566165131900276, 4.250560755440853, 3.902113818494592], "minarrivaltime": [5.679999999999923, 5.869999999999919, 5.539999999999926, 5.789999999999921, 5.229999999999933, 5.209999999999933, 5.449999999999928, 6.129999999999914, 5.1099999999999355, 5.129999999999935]}}