{"statistics": {"successpercentage": [6.5, 17.5, 17.0, 19.0, 16.0, 27.500000000000004, 26.5, 28.000000000000004, 33.5, 27.500000000000004], "meanarrivaltime": [6.296064912271599, 5.05705193260344, 4.709658424461884, 4.426023472985622, 3.5450594682841334, 4.5010460980899465, 5.225631251270341, 3.098763241012211, 3.6163937986812598, 5.394633689973483], "minarrivaltime": [12.299999999999782, 6.179999999999913, 5.929999999999918, 6.019999999999916, 6.1399999999999135, 6.029999999999916, 5.959999999999917, 5.969999999999917, 5.879999999999919, 5.779999999999921]}}