{"statistics": {"successpercentage": [1.0, 4.5, 12.5, 13.0, 14.000000000000002, 17.5, 16.5, 17.0, 31.5, 25.0], "meanarrivaltime": [3.013432759739648, 3.739531485859887, 3.8527537830506726, 4.017842185017695, 3.7603096612553943, 4.041209102354226, 3.6178148728432986, 3.6707828906556683, 3.0382160494834816, 3.263655982028059], "minarrivaltime": [19.25000000000021, 15.339999999999717, 15.479999999999714, 12.469999999999779, 13.909999999999748, 14.379999999999738, 10.55999999999982, 14.339999999999739, 10.369999999999823, 11.129999999999807]}}