{"statistics": {"successpercentage": [5.5, 17.0, 16.0, 30.0, 19.5, 23.0, 21.0, 25.5, 34.0, 36.5], "meanarrivaltime": [6.123930043167354, 4.532964096832122, 5.5239579676684505, 4.338327634297722, 5.263329125935132, 4.146818318205556, 4.592025728877964, 3.9883834027922065, 3.8962051789500607, 3.6830567770337366], "minarrivaltime": [11.139999999999807, 8.499999999999863, 10.319999999999824, 7.889999999999876, 11.4799999999998, 7.69999999999988, 9.039999999999852, 7.309999999999889, 7.599999999999882, 7.169999999999892]}}