{"statistics": {"successpercentage": [4.0, 5.5, 4.0, 10.0, 10.5, 19.0, 10.0, 27.0, 23.5, 21.5], "meanarrivaltime": [10.298197695033823, 6.528110313261549, 7.258491183956866, 4.640498679554033, 4.518586091050868, 5.232351490704912, 6.640887785857869, 4.435504073530207, 3.7396545261814937, 3.875342290465418], "minarrivaltime": [13.059999999999766, 12.309999999999782, 7.4999999999998845, 10.949999999999811, 5.129999999999935, 5.619999999999925, 9.749999999999837, 5.239999999999933, 6.429999999999907, 5.36999999999993]}}