{"statistics": {"successpercentage": [4.0, 6.0, 8.5, 13.5, 7.5, 16.5, 14.000000000000002, 19.0, 26.5, 18.5], "meanarrivaltime": [10.65016423444499, 5.496989541664156, 6.128960195924401, 4.712454679112531, 8.767674773396736, 8.877109756307867, 8.48878715045466, 7.308588033514722, 3.955301683758732, 6.383833280172864], "minarrivaltime": [12.479999999999778, 5.949999999999918, 6.419999999999908, 5.539999999999926, 11.90999999999979, 6.559999999999905, 8.979999999999853, 5.35999999999993, 5.329999999999931, 5.7199999999999225]}}