{"statistics": {"successpercentage": [5.5, 6.0, 7.000000000000001, 7.000000000000001, 13.5, 13.5, 13.0, 19.0, 10.0, 24.0], "meanarrivaltime": [4.490799120247498, 7.3370032657561834, 7.215519530644692, 5.990064708921632, 6.221101492776723, 4.635030895792476, 6.522659840302489, 6.578349061389393, 4.306473432614142, 4.075913739457475], "minarrivaltime": [9.179999999999849, 12.979999999999768, 8.889999999999855, 7.449999999999886, 13.009999999999767, 12.129999999999786, 11.989999999999789, 7.759999999999879, 11.039999999999809, 7.269999999999889]}}