{"statistics": {"successpercentage": [2.0, 8.0, 7.000000000000001, 10.5, 17.0, 14.499999999999998, 19.0, 26.0, 22.5, 32.0], "meanarrivaltime": [6.577763493694472, 7.910908882925875, 7.0161308332187735, 4.552054075926555, 6.409953162241147, 5.340615951401719, 9.591124234430259, 4.396728987838564, 5.61475228636692, 4.7948425398440415], "minarrivaltime": [13.239999999999762, 7.949999999999875, 7.71999999999988, 5.709999999999923, 5.489999999999927, 5.419999999999929, 5.299999999999931, 5.089999999999936, 5.82999999999992, 5.079999999999936]}}