{"statistics": {"successpercentage": [8.5, 16.5, 14.000000000000002, 13.0, 25.5, 31.5, 14.499999999999998, 27.500000000000004, 32.0, 34.0], "meanarrivaltime": [3.819296436628273, 3.871045757246307, 4.07803239325432, 3.7660890097041833, 3.350188263561994, 2.8034331313259377, 3.3175465634558985, 3.173377232147579, 2.5414573738927126, 2.4439306783744064], "minarrivaltime": [13.009999999999767, 11.4899999999998, 12.88999999999977, 13.979999999999746, 10.159999999999828, 10.179999999999827, 11.129999999999807, 9.679999999999838, 9.999999999999831, 9.56999999999984]}}