{"statistics": {"successpercentage": [3.0, 8.0, 7.5, 6.0, 16.5, 23.0, 9.0, 23.0, 17.5, 26.0], "meanarrivaltime": [5.889693579713156, 10.08647862332417, 7.768416692684062, 7.437580125818904, 4.124363678443289, 4.547481726509562, 7.925768553300476, 8.33076126275045, 3.9960097062811193, 4.141751315034358], "minarrivaltime": [13.029999999999767, 11.89999999999979, 10.139999999999828, 7.6399999999998816, 6.219999999999912, 5.179999999999934, 5.749999999999922, 6.719999999999901, 5.729999999999922, 5.5799999999999255]}}