{"statistics": {"successpercentage": [2.5, 4.0, 3.0, 6.0, 7.000000000000001, 23.0, 14.000000000000002, 27.500000000000004, 23.0, 28.000000000000004], "meanarrivaltime": [3.8705686843760048, 4.011090556884414, 4.207703935920191, 4.472622539653442, 2.926748551775612, 3.451641513807922, 4.199664907323738, 3.7646514219600693, 3.3094115215212843, 3.235670109027325], "minarrivaltime": [17.39999999999992, 12.86999999999977, 16.259999999999742, 16.81999999999983, 17.169999999999884, 12.719999999999773, 16.079999999999714, 10.329999999999824, 9.949999999999832, 10.219999999999827]}}