{"statistics": {"successpercentage": [4.0, 5.5, 10.5, 11.0, 28.999999999999996, 24.0, 27.0, 39.0, 21.0, 33.0], "meanarrivaltime": [3.7423139877738576, 3.64154670267183, 3.855068142572529, 3.1006205819927377, 3.3385506481541594, 3.6487356548738306, 3.1633099814369063, 2.765066058251948, 3.4606291600564885, 2.9427791188516306], "minarrivaltime": [13.899999999999748, 11.799999999999793, 12.019999999999788, 15.159999999999721, 11.539999999999798, 10.599999999999818, 11.269999999999804, 10.129999999999828, 11.309999999999803, 8.939999999999854]}}