{"statistics": {"successpercentage": [3.0, 12.0, 14.000000000000002, 20.0, 25.0, 26.0, 26.0, 28.000000000000004, 30.0, 24.5], "meanarrivaltime": [6.521304509548599, 5.008208628890585, 4.616927169841934, 4.654590310603415, 3.5851867504563946, 3.57666303644788, 4.213717313971088, 4.962308005749883, 5.79457295344863, 4.267478105033501], "minarrivaltime": [11.809999999999793, 7.169999999999892, 7.809999999999878, 7.399999999999887, 6.659999999999902, 6.999999999999895, 6.689999999999902, 6.729999999999901, 6.969999999999896, 7.329999999999888]}}