{"statistics": {"successpercentage": [1.0, 1.5, 1.5, 3.0, 4.5, 5.0, 14.499999999999998, 8.0, 12.5, 10.0], "meanarrivaltime": [4.401801321182172, 4.5993554985037015, 3.1894139489546536, 2.637082335283899, 3.81493712402644, 3.4337168357914107, 4.1918962287633335, 3.6264963221611226, 3.525695923498042, 3.7985939748857427], "minarrivaltime": [18.43000000000008, 18.500000000000092, 15.23999999999972, 17.249999999999897, 15.999999999999703, 14.119999999999743, 16.399999999999764, 13.889999999999748, 13.579999999999755, 13.699999999999752]}}