{"statistics": {"successpercentage": [9.0, 12.0, 13.0, 17.0, 29.5, 24.0, 34.0, 19.0, 23.5, 24.5], "meanarrivaltime": [4.4854424259172845, 4.162134728248163, 4.946440933785013, 4.6000131880948345, 4.082480252571, 3.689145571930062, 3.5287849614749884, 4.228393343493676, 3.961106367349046, 3.2255414472615396], "minarrivaltime": [9.669999999999838, 12.629999999999775, 12.36999999999978, 10.769999999999815, 8.739999999999858, 8.559999999999862, 7.859999999999877, 12.149999999999785, 7.749999999999879, 8.009999999999874]}}