{"statistics": {"successpercentage": [1.0, 3.0, 6.5, 8.5, 15.0, 17.0, 19.5, 23.5, 15.0, 27.0], "meanarrivaltime": [3.399376707969134, 2.8477879098144556, 3.6756797036290054, 3.6881318929519002, 4.0802127658943625, 3.3371720784684547, 2.902295749584211, 3.461857621037042, 3.7949117887452277, 2.9760152447974595], "minarrivaltime": [17.689999999999966, 12.019999999999788, 14.099999999999744, 16.549999999999788, 15.399999999999716, 14.049999999999745, 11.4599999999998, 13.689999999999753, 11.819999999999792, 10.369999999999823]}}