{"statistics": {"successpercentage": [15.5, 5.5, 11.0, 16.0, 15.0, 18.0, 26.0, 26.0, 29.5, 26.5], "meanarrivaltime": [7.894698251743618, 8.906824235908287, 9.239641456616313, 5.195994069234892, 6.886500991962796, 6.44592444918079, 5.617641376297043, 3.5002361050882134, 5.110405449602168, 6.28782790809059], "minarrivaltime": [7.0799999999998935, 6.739999999999901, 10.409999999999823, 6.31999999999991, 6.509999999999906, 6.199999999999912, 6.269999999999911, 6.079999999999915, 6.7599999999999, 5.759999999999922]}}