{"statistics": {"successpercentage": [9.5, 7.5, 18.5, 30.5, 33.0, 26.0, 36.0, 30.0, 20.5, 27.500000000000004], "meanarrivaltime": [7.457343360237801, 8.332222462060802, 3.5897382908106925, 4.106956973550548, 4.741097437216957, 5.37152118834772, 3.963047984542988, 3.8142838406984003, 8.563835673917609, 2.960864173697714], "minarrivaltime": [6.3299999999999095, 7.209999999999891, 5.189999999999934, 5.82999999999992, 5.83999999999992, 5.329999999999931, 4.989999999999938, 5.229999999999933, 6.239999999999911, 5.309999999999931]}}