{"statistics": {"successpercentage": [2.5, 3.5000000000000004, 9.5, 11.0, 4.0, 7.5, 5.5, 20.5, 15.5, 11.0], "meanarrivaltime": [5.64268143346415, 5.109536147701909, 5.43288557285613, 7.165456679556044, 5.582978317075037, 4.479261364073515, 6.318149987926973, 3.7951145674771762, 7.463631815295086, 4.205537166115525], "minarrivaltime": [15.20999999999972, 13.82999999999975, 6.119999999999914, 11.659999999999796, 13.249999999999762, 12.459999999999779, 9.339999999999845, 7.0299999999998946, 6.4699999999999065, 12.639999999999775]}}